 Formulation, Dosage & Strength, Ceiling Price ( Excluding Taxes) (Rs.)(Per Unit)
Acetylsalicylic acid,Tablet 300 mg,₹ 0.28(1 Tablet)
Calcium Carbonate,Tablet 250 mg,₹ 2.43(1 Tablet)
Condom,CONDOM,₹ 11.37(1 Condom)
Dapsone,Tablet 50 mg,₹ 0.29(1 Tablet)
Medroxyprogesteroneacetate,Tablet 5 mg,₹ 3.72(1 Tablet)
RIFAMPICIN,TABLET 450 mg,₹ 5.52(1 Tablet)
5-aminosalicylic Acid,Suppository 500 mg,₹ 21.05(1 Suppository)
5-aminosalicylic Acid,Tablet 400 mg,₹ 9.31(1 Tablet)
Abacavir (A)+Lamivudine (B),Tablet 60 (A) + 30 mg (B),₹ 25.00(1 Tablet)
Acetylsalicylic acid,Tablet 350 mg,₹ 0.38(1 Tablet)
Acetylsalicylic acid,Tablet 75 mg,₹ 0.38(1 Tablet)
Acetylsalicylic acid,Tablet 150 mg,₹ 0.50(1 Tablet)
Acetylsalicylic acid,Tablet 100 mg,₹ 0.21(1 Tablet)
Acetylsalicylic acid,"Effervescent/ Dispersible/
Enteric coated Tablet 100 mg",₹ 0.22(1 Tablet)
All-trans Retinoic Acid,Capsule 10 mg,₹ 101.85(1 Capsule)
Amphotericin B(Lipid),Powder For Injection 50 mg,₹ 3990.62(Each Pack)
Amphotericin B(Liposomal),Powder For Injection 50 mg,₹ 9295.41(Each Pack)
Ampicillin,Powder For Injection 1000 mg,₹ 26.56(Each Pack)
Anti-D Immunoglobulin,Injection 300 mcg,₹ 2657.47(Each Pack)
Anti-D Immunoglobulin,Injection 150 mcg,₹ 2071.40(Each Pack)
Anti-rabies immunoglobulin,Injection 350 IU,₹ 121.77(1 ML)
Anti-rabies immunoglobulin,Injection 150 IU,₹ 3454.06(1 ML)
Anti-tetanus immunoglobulin,Injection 250 IU,₹ 1383.57(Each Pack)
Artesunate (A) + Sulphadoxine -Pyrimethamine (B),"Tablet 25 mg(A) + 1 Tablet
(250 mg+ 12.5 mg) (B)",₹ 24.48(Combi Pack)
Artesunate (A) + Sulphadoxine -Pyrimethamine (B),"Tablet 200 mg(A) + 2 Tablet
(750 mg+ 37.5 mg) (B)",₹ 45.45(Combi Pack)
Artesunate (A) + Sulphadoxine -Pyrimethamine (B),"Tablet 150 mg(A) + 2 Tablet
(500 mg+ 25 mg) (B)",₹ 49.85(Combi Pack)
Artesunate (A) + Sulphadoxine -Pyrimethamine (B),"Tablet 100 mg(A) + 1 Tablet
(750 mg+ 37.5 mg) (B)",₹ 36.72(Combi Pack)
Bare Metal Stents,DEVICE --,₹ 10509.78(1 Unit)
BCG vaccine,vaccine 40 MG,₹ 11.12(Each Dose)
Benzoyl Peroxide,Cream 2.50%,₹ 2.90(1 GM)
Benzyl penicillin,Powder For Injection 1000000,₹ 9.71(Each Pack)
Betamethasone,Gel 0.05%,₹ 0.66(1 GM)
Betamethasone,Lotion 0.10%,₹ 1.02(1 ML)
Betamethasone,Lotion 0.05%,₹ 0.66(1 ML)( Pack)
Budesonide,Nasal Spray 50 MCG,₹ 1.27(1 Dose)
Budesonide,Inhalation 100 MCG,₹ 2.49(Per Dose)
Budesonide (A)+ Formoterol (B),"Inhalation 200 mcg (A)
+ 6 mcg (B)",₹ 3.33(Per Metered Dose)
Budesonide (A)+ Formoterol (B),"Inhalation 400 mcg (A)
+ 6 mcg (B)",₹ 3.80(Per Metered Dose)
Calcium Carbonate,Tablet 500 mg,₹ 2.15(1 Tablet)
Calcium gluconate,Injection 100 mg,₹ 0.68(1 ML)
Cefadroxil,Capsule 500 mg,₹ 8.90(1 Capsule)
Cefazolin,Powder For Injection 500 mg,₹ 19.37(Each Pack)
Cefazolin,Powder For Injection 1000 mg,₹ 30.56(Each Pack)
Cefixime,Capsule 400 mg,₹ 36.41(1 Capsule)
Cetirizine,Capsule 10 mg,₹ 2.96(1 Capsule)
Chlorambucil,Tablet 5 mg,₹ 103.26(1 Tablet)
Chlorhexidine,Solution (concentrate for dilution) 5%,₹ 0.19(1 ML)
Cloxacillin,Powder 250 mg,₹ 5.53(Each Pack)
Cloxacillin,Capsule 500 mg,₹ 2.38(1 Capsule)
Cloxacillin,Capsule 250 mg,₹ 1.41(1 Capsule)
"Coagulation factor
IX",Powder For Injection 600 IU,₹ 15339.76(Each Pack)
"Coagulation factor
VIII",Powder For Injection 500 IU,₹ 11411.13(Each Pack)
"Coagulation factor
VIII",Powder For Injection 250 IU,₹ 4650.15(Each Pack)
Cyclosporine,Injection 50 mg/ml,₹ 335.80(1 ML)
Daunorubicin,Powder For Injection 20 mg,₹ 302.76(Each Pack)
Dextran-40,Injection 10%,₹ 1.05(1 ML)
Diazepam,Oral Liquid 2 mg/5ml,₹ 3.40(1 ML)
Diclofenac,Capsule 50 mg,₹ 0.76(1 Capsule)
Dicyclomine,"Injection 10 mg/ml (1ml &
2ml Pack)",₹ 0.20(1 ML)
Dicyclomine,Tablet 10 mg,₹ 0.13(1 Tablet)
Dinoprostone,Tablet 0.5 mg,₹ 62.31(1 Tablet)
Diphtheria antitoxin,Injection 10000 IU,₹ 1631.70(Each Pack)
DPT vaccine,VACCINE,₹ 17.64(Per 0.5 ml)
Drug Eluting Stents (DES) including metallic DES and Bioresorbable Vascular  Scaffold (BVS)/ Biodegradable Stents,DEVICE --,₹ 38267.17(1 Unit)
Efavirenz,Capsule 600 mg,₹ 78.09(1 Capsule)
Ethyl Alcohol (Denatured),Solution 70%,₹ 0.53(1 ML)
"Ferrous Salt (A) +
Folic Acid (B)","Tablet 100 mg elemental iron
(A) + 500mcg (B)",₹ 0.28(1 Tablet)
Fluconazole,Oral Liquid 50 mg/ 5 ml,₹ 3.25(1 ML)
Gadobenate,Injection 529 mg,₹ 135.69(1 ML)
GENTIAN VIOLET,PAINT 1 %,₹ 0.10(1 ML)
Glucose,Injection 5%,₹ 37.98(500ml Non-Glass)
Glucose,Injection 5%,₹ 0.61(1 ML)
Glucose,Injection 10%,₹ 32.16(Each Pack (1000 ml))( Pack)
Glucose,Injection 5%,₹ 28.02(250ml Non-Glass)
Glucose,Injection 10%,₹ 34.97(Each Pack (500 ml))( Pack)
Glucose,Injection 5%,₹ 20.32(100ml Non-Glass)
Glucose,Injection 5%,₹ 31.01(250ml Glass)
Glucose,Injection 5%,₹ 22.45(100ml Glass)
Glucose,Injection 5%,₹ 64.55(1000ml Non-Glass)
Glucose,Injection 5%,₹ 44.02(500ml Glass)
Glucose,Injection 5%,₹ 79.95(1000ml Glass)
"Glucose (A) +
Sodium Chloride (B)",Injection 5% (A) + 0.9% (B),₹ 28.12(250ml Non-Glass)
"Glucose (A) +
Sodium Chloride (B)",Injection 5% (A) + 0.9% (B),₹ 22.50(100ml Glass)
"Glucose (A) +
Sodium Chloride (B)",Injection 5% (A) + 0.9% (B),₹ 20.34(100ml Non-Glass)
"Glucose (A) +
Sodium Chloride (B)",Injection 5% (A) + 0.9% (B),₹ 31.14(250ml Glass)
"Glucose (A) +
Sodium Chloride (B)",Injection 5% (A) + 0.9% (B),₹ 44.23(500ml Glass)
"Glucose (A) +
Sodium Chloride (B)",Injection 5% (A) + 0.9% (B),₹ 38.21(500ml Non-Glass)
"Glucose (A) +
Sodium Chloride (B)",Injection 5% (A) + 0.9% (B),₹ 80.48(1000ml Glass)
"Glucose (A) +
Sodium Chloride (B)",Injection 5% (A) + 0.9% (B),₹ 65.03(1000ml Non-Glass)
Glutaraldehyde,Solution 2%,₹ 0.08(1 ML)
Griseofulvin,Tablet 375 mg,₹ 5.35(1 Tablet)
Griseofulvin,Tablet 125 mg,₹ 1.02(1 Tablet)
Haemodialysis fluid,As Licensed --,₹ 0.04(1 ML)
Human Normal Immunoglobulin,Solution for infusion 16.50%,₹ 494.52(1 ML)
Human Normal Immunoglobulin,Solution for infusion 5%,₹ 192.07(1 ML)
Human Normal Immunoglobulin,Solution for infusion 10%,₹ 260.04(1 ML)
Hydrochlorothiazide,Tablet 50 mg,₹ 0.10(1 Tablet)
Hydrogen peroxide,Solution 6%,₹ 0.04(1 ML)
HYDROXOCOBALAMIN,INJECTION 1 mg/ml,₹ 12.31(1 ML)
Ibuprofen,Capsule 400 mg,₹ 1.31(1 Capsule)
Ibuprofen,Capsule 200 mg,₹ 3.33(1 Capsule)
Imatinib,Capsule 400 mg,₹ 318.01(1 Capsule)
Ipratropium,Inhalation 20 MCG,₹ 0.76(1 Dose)
Ipratropium,Respiratory Solution for use in Nebulizer  250 MCG,₹ 3.15(1 ML)
Ketamine,Injection 10 mg,₹ 13.19(1 ML)
Levonorgestrel,Tablet 0.75 mg,₹ 28.65(1 Tablet)
Levothyroxine,Tablet 37.5 mcg,₹ 1.47(1 Tablet)
Lignocaine (A)+Adrenaline (B),"Injection 1% (A) + 1:200000
(5 mcg/ml) (B)",₹ 0.56(1 ML)
Lopinavir (A)+Ritonavir (B),Tablet 100/25 mg,₹ 29.28(1 Tablet)
Measles Rubbela Vaccine,INJECTION --,₹ 110.07(Each Pack (0.5ml))
Measles vaccine,vaccine 0.5 ML,₹ 63.47(Each Pack (0.5ml))
Methotrexate,Injection 50 mg/ml,₹ 49.86(1 ML)
Methylthioninium chloride (Methylene blue),Injection 10 mg/ml,₹ 27.13(1 ML)
Midazolam,Tablet 7.5 mg,₹ 27.94(1 Tablet)
Morphine,Tablet 10 mg,₹ 6.63(1 Tablet)
Morphine,SR Tablet 30 mg,₹ 6.78(1 Tablet)
N-ACETYLCYSTEINE,SACHET 200 mg,₹ 11.20(1 GM)
Nevirapine,Oral Liquid 50 mg/5 ml,₹ 1.04(1 ML)
Omeprazole,Tablet 10 mg,₹ 5.52(1 Tablet)
Oral poliomyelitis,Vaccine --,₹ 127.67(1 ML)
Oral Rehydration Salts,As Licensed --,₹ 1.11(1 GM)
Oxaliplatin,Injection 100 mg,₹ 5563.91(Each Pack)
Para-aminosalicylic acid,Granules --,₹ 3.54(1 GM)
Paracetamol,Injection 150 mg,₹ 10.84(Each Pack (3 ml))
Paracetamol,Injection 150 mg,₹ 22.07(Each Pack (7 ml))
Paracetamol,Injection 150 mg,₹ 16.46(Each Pack (5 ml))
Paracetamol,Injection 150 mg,₹ 13.65(Each Pack (4 ml))
Paracetamol,Injection 150 mg,₹ 5.22(Each Pack (1 ml))
Paracetamol,Injection 150 mg,₹ 3.82(Each Pack (0.5ml))
Penicillamine,Capsule 250 mg,₹ 18.50(1 Capsule)( Pack)
PHENYLEPHRINE,DROPS 5 %,₹ 4.64(1 ML)
PHENYLEPHRINE,DROPS 10 %,₹ 10.06(1 ML)
Phenytoin,Injection 25 mg,₹ 3.13(1 ML)
PHENYTOIN,ER Capsule 300 mg,₹ 4.74(1 Capsule)
Pilocarpine,DROPS 4%,₹ 14.54(1 ML)
Potassium permanganate,Crystal for topical solution --,₹ 0.55(1 GM)
Povidone iodine,Ointment 1%,₹ 6.48(1 GM)
Povidone iodine,Scrub 7.50%,₹ 2.00(1 ML)
Praziquantel,Tablet 600 mg,₹ 43.25(1 Tablet)
Prednisolone,Injection 20 mg/ 2 ml,₹ 4.46(1 ML)
Pyrazinamide,Oral Liquid 250 mg/ 5 ml,₹ 0.76(1 ML)
Rifampicin,Tablet 300 mg,₹ 3.66(1 Tablet)
RIFAMPICIN,TABLET 150 MG,₹ 2.01(1 Tablet)( Pack)
Ringer Lactate,Injection 100 ml,₹ 26.00(Each Pack)
Ringer Lactate,Injection 500 ml,₹ 56.50(Each Pack)
Ringer Lactate,Injection 1000 ml,₹ 99.32(Each Pack)
Ringer Lactate,Injection 250 ml,₹ 44.33(Each Pack)
Ritonavir,Capsule 100 mg,₹ 35.14(1 Capsule)
SALBUTAMOL,CAPSULE 4 mg,₹ 0.74(1 Capsule)
Silver Sulphadiazine,Cream 1%,₹ 0.63(1 GM)
Sodium chloride,Injection 0.90%,₹ 58.27(1000ml Non-Glass)
Sodium chloride,Injection 0.90%,₹ 19.68(100ml Non-Glass)
Sodium chloride,Injection 0.90%,₹ 29.47(250ml Glass)
Sodium chloride,Injection 0.90%,₹ 26.45(250ml Non-Glass)
Sodium chloride,Injection 0.90%,₹ 40.97(500ml Glass)
Sodium chloride,Injection 0.90%,₹ 34.87(500ml Non-Glass)
Sodium chloride,Injection 0.90%,₹ 73.88(1000ml Glass)
Sodium chloride,Injection 0.90%,₹ 21.84(100ml Glass)
Sodium nitrite,Injection 30 mg,₹ 32.35(1 ML)
Sodium Nitroprusside,Injection 10 mg,₹ 32.15(1 ML)
Streptokinase,Injection 750000 IU,₹ 1567.42(Each Pack)
Surfactant,Suspension for intratracheal instillation (As liensed) --,₹ 83.27(Per mg of Phospholipids in the pack)
TD Vaccine,"Each dose of 0.5ml contains:
Diphtheria Toxoid ?25Lf (?
30IU) Tetanus Toxoid ? 5Lf
(? 40IU) 25 LF",₹ 20.00(Each Pack (0.5ml))
TD Vaccine,"Each dose of 0.5ml contains:
Diphtheria Toxoid ?5Lf (?
2IU) Tetanus Toxoid ? 5Lf (?
40IU) 5 LF",₹ 23.33(Each Pack (0.5ml))
TD Vaccine,"Each dose of 0.5ml contains:
Diphtheria Toxoid ?5Lf (?
2IU) Tetanus Toxoid ? 5Lf (?
40IU) 5 LF",₹ 219.25(Each Pack (5 ml))
Temozolomide,Tablet 100 mg,₹ 1925.59(1 Tablet)
Timolol,Drops 0.25%,₹ 6.44(1 ML)
Tramadol,Injection 50 mg,₹ 1.55(20 ML Pack)(1 ML Pack)
Verapamil,Injection 2.5 mg,₹ 1.46(1 ML)
Vinblastine,Injection 1 mg,₹ 25.54(1 ML)
Vitamin A,Capsule 50000 IU,₹ 0.68(1 Capsule)
Water for Injection,Injection --,₹ 2.89(10 ml Pack)
Water for Injection,Injection --,₹ 57.40(Each Pack (500 ml))
Water for Injection,Injection --,₹ 2.79(Each Pack (5 ml))
Water for Injection,Injection --,₹ 100.74(Each Pack (1000 ml))
Zidovudine,Capsule 300 mg,₹ 2.57(1 Capsule)
Zolpidem,Capsule 5 mg,₹ 9.15(1 Capsule)
5-FLUOROURACIL,INJECTION 250 MG/ 5 ML,₹ 2.04(1 ML)
6-MERCAPTOPURINE,TABLET 50 MG,₹ 5.26(1 Tablet)
ABACAVIR,TABLET 300 MG,₹ 48.59(1 Tablet)
ABACAVIR (A)+LAMIVUDINE (B),TABLET 600 (A) + 300 MG (B),₹ 72.32(1 Tablet)
ACETAZOLAMIDE,TABLET 250 MG,₹ 4.06(1 Tablet)
ACETAZOLAMIDE SYSTEMIC,CAPSULE 250 MG,₹ 5.05(1 Capsule)
ACETYLCYSTEINE,INJECTION 200 MG,₹ 23.64(1 ML)
ACETYLSALICYLIC ACID,"EFFERVESCENT/ DISPERSIBLE/
ENTERIC COATED TABLET 150 MG",₹ 0.71(1 Tablet)
ACICLOVIR,TABLET 800 MG,₹ 37.66(1 Tablet)
ACICLOVIR,INJECTION 250 MG,₹ 426.40(Each Vial)
ACICLOVIR,OINTMENT 3 %,₹ 11.67(1 GM)
ACTINOMYCIN D,POWDER FOR INJECTION 0.5 MG,₹ 331.02(Each Vial)
ACYCLOVIR,TABLET 200 MG,₹ 7.61(1 Tablet)
ACYCLOVIR,POWDER FOR INJECTION 500 MG,₹ 528.44(Each Vial)
ACYCLOVIR,ORAL LIQUID 400 MG/ 5 ML,₹ 1.36(1 ML)
ACYCLOVIR,TABLET 400 MG,₹ 13.66(1 Tablet)
ADENOSINE,INJECTION 3 MG,₹ 92.85(1 ML)
ADRENALINE,INJECTION 1 MG,₹ 12.23(1 ML)
ALBENDAZOLE,CHEWABLE TABLET 400 MG,₹ 8.13(1 Tablet)
ALBENDAZOLE,TABLET 400 MG,₹ 7.04(1 Tablet)
ALBENDAZOLE,ORAL LIQUID 200 MG/ 5 ML,₹ 1.79(1 ML)
ALLOPURINOL,TABLET 300 MG,₹ 5.63(1 Tablet)
ALLOPURINOL,TABLET 100 MG,₹ 1.89(1 Tablet)
ALL ORAL ELECTROLYTES - ORS,SYRUP --,₹ 0.15(1 ML)
ALPROSTADIL,INJECTION 500 MCG,₹ 6106.74(1 ML)
AMIKACIN,INJECTION 250 MG,₹ 54.17(1 ML)
AMIODARONE,INJECTION 50 MG,₹ 21.13(1 ML)
AMIODARONE,TABLET 100 MG,₹ 6.14(1 Tablet)
AMIODARONE,TABLET 200 MG,₹ 11.51(1 Tablet)
AMITRIPTYLINE,TABLET 75 MG,₹ 5.45(1 Tablet)
AMITRIPTYLINE,TABLET 10 MG,₹ 2.39(1 Tablet)
AMITRIPTYLINE,TABLET 25 MG,₹ 2.49(1 Tablet)
AMITRIPTYLINE,TABLET 50 MG,₹ 5.99(1 Tablet)
AMLODIPINE,TABLET 10 MG,₹ 5.45(1 Tablet)
AMLODIPINE,TABLET 5 MG,₹ 2.50(1 Tablet)
AMLODIPINE,TABLET 2.5 MG,₹ 1.79(1 Tablet)
AMOXICILLIN,ORAL LIQUID 250 MG/ 5 ML,₹ 1.56(1 ML)
AMOXICILLIN,CAPSULE 500 MG,₹ 7.36(1 Capsule)
AMOXICILLIN,CAPSULE 250 MG,₹ 2.44(1 Capsule)
AMOXICILLIN (A) + CLAVULANIC ACID (B),"TABLET 500 MG (A)
+125 MG(B)",₹ 18.30(1 Tablet)
AMOXYCILLIN,INJECTION 500 MG,₹ 54.65(Each Vial)
AMOXYCILLIN,INJECTION 250 MG,₹ 24.79(Each Vial)
AMOXYCILLIN,SUSPENSION 125 MG,₹ 1.02(1 ML)
AMOXYCILLIN + CLAVULANIC ACID,INJECTION 1000/200 MG,₹ 140.65(Each Vial)
AMOXYCILLIN + CLAVULANIC ACID,DRY SYRUP 125/31.25 MG,₹ 2.05(1 ML)
AMOXYCILLIN + CLAVULANIC ACID,ORAL SUSPENSION 200/28.5 MG,₹ 2.02(1 ML)
AMOXYCILLIN + CLAVULANIC ACID,INJECTION 500/100 MG,₹ 101.34(Each Vial)
AMPHOTERICIN B - CONVENTIONAL,INJECTION 50 MG,₹ 227.40(Each Vial)
AMPICILLIN,POWDER FOR INJECTION 500 MG,₹ 14.25(Each Vial)
ANTI RABIES VACCINE - ARV,VACCINE --,₹ 378.71(Each Vial)
ARSENIC TRIOXIDE,INJECTION 1 MG,₹ 30.54(1 ML)
ARTEMETHER (A)+LUMEFANTRINE (B),"TABLET 80 MG(A) + 480
MG(B)",₹ 25.51(1 Tablet)
ARTEMETHER (A)+LUMEFANTRINE (B),"TABLET 40 MG(A) + 240
MG(B)",₹ 18.04(1 Tablet)
ARTEMETHER + LUMEFANTRINE,TABLET 20/120 MG,₹ 12.65(1 Tablet)
ARTESUNATE,POWDER FOR INJECTION 120 MG,₹ 454.43(Each Vial)
ARTESUNATE,POWDER FOR INJECTION 60 MG,₹ 244.73(Each Vial)
ARTESUNATE + SULFADOXINE + PYRIMETHAMINE,KIT 50/500/25 MG,₹ 22.55(Combi Pack)
ASCORBIC ACID (VITAMIN C),TABLET 500 MG,₹ 1.48(1 Tablet)
ASCORBIC ACID (VITAMIN C),TABLET 100 MG,₹ 0.24(1 Tablet)
ASPIRIN,TABLET 325 MG,₹ 0.67(1 Tablet)
ASPIRIN,TABLET DT 75 MG,₹ 0.35(1 Tablet)
ATAZANAVIR (A)+RITONAVIR (B),"TABLET 300 MG(A) + 100
MG(B)",₹ 99.82(1 Tablet)
ATORVASTATIN,TABLET 20 MG,₹ 12.56(1 Tablet)
ATORVASTATIN,TABLET 40 MG,₹ 19.30(1 Tablet)
ATORVASTATIN,TABLET 10 MG,₹ 4.94(1 Tablet)
ATORVASTATIN,TABLET 80 MG,₹ 40.58(1 Tablet)
ATRACURIUM,INJECTION 10 MG,₹ 16.98(1 ML)
ATROPINE,INJECTION 0.6 MG/ ML,₹ 4.57(1 ML)
ATROPINE EYE DROPS / OINTMENT,DROPS 1 %,₹ 3.94(1 ML)
ATROPINE EYE DROPS / OINTMENT,OINTMENT 1 %,₹ 4.71(1 GM)
AZATHIOPRINE,TABLET 50 MG,₹ 11.26(1 Tablet)
AZATHIOPRINE,TABLET 25 MG,₹ 7.24(1 Tablet)
AZITHROMYCIN,TABLET 1000 MG,₹ 57.78(1 Tablet)
AZITHROMYCIN,CAPSULE 250 MG,₹ 10.62(1 Capsule)
AZITHROMYCIN,CAPSULE 500 MG,₹ 19.03(1 Capsule)
AZITHROMYCIN,ORAL LIQUID 200 MG/ 5 ML,₹ 3.41(1 ML)
AZITHROMYCIN,TABLET 500 MG,₹ 23.57(1 Tablet)
AZITHROMYCIN,TABLET 250 MG,₹ 11.65(1 Tablet)
AZITHROMYCIN,INJECTION 500 MG,₹ 204.72(Each Vial)
BACLOFEN,TABLET 5 MG,₹ 6.37(1 Tablet)
BACLOFEN,TABLET 10 MG,₹ 11.90(1 Tablet)
BACLOFEN,TABLET 20 MG,₹ 16.28(1 Tablet)
BENDAMUSTINE,INJECTION 100 MG,₹ 4946.80(Each Vial)
BENZATHINE BENZYLPENICILLIN,POWDER FOR INJECTION 600000 IU,₹ 11.69(Each Vial)
BENZATHINE BENZYLPENICILLIN,POWDER FOR INJECTION 1200000 IU,₹ 19.81(Each Vial)
BENZOYL PEROXIDE,GEL 5 %,₹ 7.97(1 GM)
BENZOYL PEROXIDE,GEL 3.5 %,₹ 10.11(1 GM)
BENZOYL PEROXIDE,GEL 2.5 %,₹ 3.62(1 GM)
BETAMETHASONE,CREAM 0.1 %,₹ 1.04(1 GM)
BETAMETHASONE,CREAM 0.05 %,₹ 0.67(1 GM)
BETAMETHASONE,INJECTION 4 MG,₹ 4.74(1 ML)
BICALUTAMIDE,TABLET 50 MG,₹ 43.30(1 Tablet)
BISACODYL,TABLET 5 MG,₹ 1.17(1 Tablet)
BISACODYL,SUPPOSITORY 5 MG,₹ 9.98(1 Suppository)
BLEOMYCIN,INJECTION 15 IU,₹ 677.40(Each Vial)
BORTEZOMIB,POWDER FOR INJECTION 2 MG,₹ 5260.49(Each Vial)
BUDESONIDE,NASAL SPRAY 50 MCG,₹ 11.90(1 ML)
BUDESONIDE,INHALER 200 MCG,₹ 2.03(Per Metered Dose)
BUDESONIDE,INHALER 200 MCG,₹ 3.33(Per Dose)
BUDESONIDE,INHALER 100 MCG,₹ 1.41(Per Metered Dose)
BUDESONIDE,INHALER 100 MCG,₹ 13.14(1 ML)
BUDESONIDE NASAL SPRAY,NASAL SPRAY 100 MCG,₹ 0.81(Per Dose)
BUPIVACAINE,INJECTION 0.5 %,₹ 4.42(1 ML)
BUPIVACAINE,INJECTION 0.25 %,₹ 2.83(1 ML)
BUPIVACAINE,INJECTION 0.5% with 7.5% Glucose,₹ 7.39(1 ML)
BUPRENORPHINE,TABLET 0.4 MG,₹ 9.43(1 Tablet)
BUPRENORPHINE + NALOXONE,TABLET 2/0.5 MG,₹ 36.98(1 Tablet)
BUPRENORPHINE + NALOXONE,TABLET 0.4/0.1 MG,₹ 11.82(1 Tablet)
CAFFEINE,INJECTION 20 MG/ML,₹ 250.50(1 ML)
CAFFEINE,ORAL LIQUID 20 MG/ML,₹ 245.68(1 ML)
CALAMINE,LOTION --,₹ 0.95(1 ML)
CALCIUM FOLINATE,TABLET 15 MG,₹ 47.54(1 Tablet)
CAPECITABINE,TABLET 500 MG,₹ 112.72(1 Tablet)
CARBAMAZEPINE,ORAL LIQUID 100 MG/ 5 ML,₹ 0.31(1 ML)
CARBAMAZEPINE,MODIFIED RELEASE TABLET 400 MG,₹ 4.66(1 Tablet)
CARBAMAZEPINE,TABLET 100 MG,₹ 1.07(1 Tablet)
CARBAMAZEPINE,TABLET 400 MG,₹ 3.55(1 Tablet)
CARBAMAZEPINE,TABLET 200 MG,₹ 1.57(1 Tablet)
CARBAMAZEPINE,MODIFIED RELEASE TABLET 200 MG,₹ 2.40(1 Tablet)
CARBIMAZOLE,TABLET 10 MG,₹ 4.26(1 Tablet)
CARBIMAZOLE,TABLET 20 MG,₹ 13.87(1 Tablet)
CARBIMAZOLE,TABLET 5 MG,₹ 2.19(1 Tablet)
CARBOPLATIN,INJECTION 10 MG,₹ 59.07(1 ML)
CARBOXY METHYL CELLULOSE,EYE DROPS 1 %,₹ 16.58(1 ML)
CARBOXY METHYL CELLULOSE,DROPS 0.5 %,₹ 12.30(1 ML)
CEFADROXIL,TABLET 500 MG,₹ 4.47(1 Tablet)
CEFADROXIL,SUSPENSION 125 MG,₹ 0.68(1 ML)
CEFIXIME,ORAL SUSPENSION 50 MG,₹ 1.63(1 ML)
CEFIXIME,CAPSULE 200 MG,₹ 14.68(1 Capsule)
CEFIXIME,TABLET 200 MG,₹ 9.78(1 Tablet)
CEFIXIME,TABLET 400 MG,₹ 22.10(1 Tablet)
CEFIXIME,ORAL LIQUID 100 MG/ 5 ML,₹ 2.39(1 ML)
CEFOTAXIME,POWDER FOR INJECTION 250 MG,₹ 17.72(Each Vial)
CEFOTAXIME,POWDER FOR INJECTION 500 MG,₹ 24.38(Each Vial)
CEFOTAXIME,POWDER FOR INJECTION 1000 MG,₹ 39.96(Each Vial)
CEFTAZIDIME,POWDER FOR INJECTION 1000 MG,₹ 227.02(Each Vial)
CEFTAZIDIME,POWDER FOR INJECTION 250 MG,₹ 79.07(Each Vial)
CEFTRIAXONE,POWDER FOR INJECTION 500 MG,₹ 50.28(Each Vial)
CEFTRIAXONE,POWDER FOR INJECTION 2000 MG,₹ 138.11(Each Vial)
CEFTRIAXONE,POWDER FOR INJECTION 250 MG,₹ 28.34(Each Vial)
CEFTRIAXONE,POWDER FOR INJECTION 1000 MG,₹ 62.38(Each Vial)
CEFUROXIME,ORAL SUSPENSION 125 MG,₹ 5.31(1 ML)( Pack)
CEFUROXIME,TABLET 500 MG,₹ 51.43(1 Tablet)
CEFUROXIME,INJECTION 1500 MG,₹ 338.75(Each Vial)
CETIRIZINE,TABLET 10 MG,₹ 1.88(1 Tablet)
CETIRIZINE,SUSPENSION 5 MG,₹ 0.66(1 ML)
CHLORAMBUCIL,TABLET 5 MG,₹ 77.21(1 Tablet)
CHLORAMBUCIL,TABLET 2 MG,₹ 31.16(1 Tablet)
CHLOROQUINE,TABLET 150 MG,₹ 1.17(1 Tablet)
CHLOROQUINE,SUSPENSION 50 MG,₹ 0.34(1 ML)
CIPROFLOXACIN,ORAL SUSPENSION 250 MG,₹ 0.74(1 ML)
CIPROFLOXACIN,TABLET 250 MG,₹ 2.20(1 Tablet)
CIPROFLOXACIN,DROPS 0.3 %,₹ 1.54(1 ML)
CIPROFLOXACIN,OINTMENT 0.3 %,₹ 1.29(1 GM)
CIPROFLOXACIN,INJECTION 200 MG/ 100 ML,₹ 0.20(1 ML)
CIPROFLOXACIN,TABLET 500 MG,₹ 4.25(1 Tablet)
CISPLATIN,INJECTION 1 MG,₹ 7.09(1 ML)
CLARITHROMYCIN,TABLET 250 MG,₹ 23.89(1 Tablet)
CLARITHROMYCIN,TABLET 500 MG,₹ 39.84(1 Tablet)
CLARITHROMYCIN,SUSPENSION 125 MG,₹ 4.61(1 ML)
CLINDAMYCIN,TABLET 300 MG,₹ 18.97(1 Tablet)
CLINDAMYCIN,INJECTION 150 MG,₹ 60.60(1 ML)
CLINDAMYCIN,CAPSULE 300 MG,₹ 28.37(1 Capsule)
CLINDAMYCIN,CAPSULE 150 MG,₹ 16.36(1 Capsule)
CLOBAZAM,TABLET 10 MG,₹ 9.84(1 Tablet)
CLOBAZAM,TABLET 5 MG,₹ 5.73(1 Tablet)
CLOFAZIMINE,CAPSULE 50 MG,₹ 2.11(1 Capsule)
CLOFAZIMINE,CAPSULE 100 MG,₹ 3.98(1 Capsule)
CLOMIFENE,CAPSULE 100 MG,₹ 51.14(1 Capsule)
CLOMIFENE,CAPSULE 50 MG,₹ 27.37(1 Capsule)
CLOMIPHENE,TABLET 50 MG,₹ 8.84(1 Tablet)
CLOMIPHENE,TABLET 100 MG,₹ 13.95(1 Tablet)
CLOMIPRAMINE,TABLET 75 MG,₹ 16.46(1 Tablet)
CLOMIPRAMINE,TABLET 10 MG,₹ 2.85(1 Tablet)
CLOMIPRAMINE,TABLET 25 MG,₹ 6.22(1 Tablet)
CLONAZEPAM,TABLET 1 MG,₹ 4.77(1 Tablet)
CLONAZEPAM,TABLET 0.5 MG,₹ 3.45(1 Tablet)
CLONAZEPAM,TABLET 0.25 MG,₹ 2.02(1 Tablet)
CLOPIDOGREL,TABLET 75 MG,₹ 6.66(1 Tablet)
CLOPIDOGREL,TABLET 150 MG,₹ 20.48(1 Tablet)
CLOTRIMAZOLE,PESSARY 100 MG,₹ 10.01(1 Pessary)
CLOTRIMAZOLE,CREAM 1 %,₹ 3.00(1 GM)
CLOTRIMAZOLE,EAR DROPS 1 %,₹ 3.37(1 ML)
CLOTRIMAZOLE,LOTION 1 %,₹ 3.89(1 ML)
CLOZAPINE,TABLET 100 MG,₹ 8.45(1 Tablet)
CLOZAPINE,TABLET 50 MG,₹ 5.19(1 Tablet)
CLOZAPINE,TABLET 25 MG,₹ 2.78(1 Tablet)
COLCHICINE,TABLET 0.5 MG,₹ 3.26(1 Tablet)
CO-TRIMOXAZOLE (SULPHAMETHOXAZOLE(A)+TRIMETHOPRIM(B)],"TABLET 400 MG(A)+80
MG(B)",₹ 0.90(1 Tablet)
CO-TRIMOXAZOLE (SULPHAMETHOXAZOLE(A)+TRIMETHOPRIM(B)],"TABLET 800 MG(A)+160
MG(B)",₹ 2.30(1 Tablet)
CYCLOPHOSPHAMIDE,TABLET 50 MG,₹ 3.73(1 Tablet)
CYCLOPHOSPHAMIDE,POWDER FOR INJECTION 500 MG,₹ 73.48(Each Vial)
CYCLOSERINE,TABLET 250 MG,₹ 46.01(1 Tablet)
CYCLOSERINE,CAPSULE 250 MG,₹ 59.19(1 Capsule)
CYCLOSPORINE,CAPSULE 100 MG,₹ 103.11(1 Capsule)
CYCLOSPORINE,CAPSULE 50 MG,₹ 55.11(1 Capsule)
CYCLOSPORINE,CAPSULE 25 MG,₹ 28.04(1 Capsule)
CYCLOSPORINE,ORAL LIQUID 100 MG/ML,₹ 80.58(1 ML)
Cytosine arabinoside,INJECTION 1000 MG,₹ 1130.33(Each Vial)
Cytosine arabinoside,INJECTION 100 MG,₹ 139.58(Each Vial)
Cytosine arabinoside,INJECTION 500 MG,₹ 536.32(Each Vial)
DABIGATRAN,CAPSULE 150 MG,₹ 35.59(1 Capsule)
DABIGATRAN,CAPSULE 110 MG,₹ 31.81(1 Capsule)
DACARBAZINE,POWDER FOR INJECTION 500 MG,₹ 518.82(Each Vial)
DACARBAZINE,POWDER FOR INJECTION 200 MG,₹ 381.75(Each Vial)
DACLATASVIR,TABLET 60 MG,₹ 199.97(1 Tablet)
DAPSONE,TABLET 100 MG,₹ 0.41(1 Tablet)
DARUNAVIR,TABLET 600 MG,₹ 154.43(1 Tablet)
DARUNAVIR + RITONAVIR,TABLET 600/100 MG,₹ 146.45(1 Tablet)
DESFERRIOXAMINE,POWDER FOR INJECTION 500 MG,₹ 188.65(Each Vial)
DEXAMETHASONE,INJECTION 4 MG/ML,₹ 2.57(1 ML)
DEXAMETHASONE,INJECTION 4 MG/ML,₹ 0.90(Each Pack (30 ml))
DEXAMETHASONE,INJECTION 4 MG/ML,₹ 1.35(Each Pack (20 ml))
DEXAMETHASONE,INJECTION 4 MG/ML,₹ 5.09(2 ML Pack)
DEXAMETHASONE,INJECTION 4 MG/ML,₹ 1.57(10 ml Pack)
DEXAMETHASONE,TABLET 4 MG,₹ 4.62(1 Tablet)
DEXAMETHASONE,TABLET 0.5 MG,₹ 0.22(1 Tablet)
DIAZEPAM,SUPPOSITORY 5 MG,₹ 6.19(1 Suppository)
DIAZEPAM,TABLET 2 MG,₹ 1.44(1 Tablet)
DIAZEPAM,TABLET 5 MG,₹ 1.63(1 Tablet)
DIAZEPAM,INJECTION 5 MG/ML,₹ 5.54(1 ML)
DICLOFENAC,TABLET 50 MG,₹ 2.05(1 Tablet)
DICLOFENAC,INJECTION 25 MG/ML,₹ 1.69(1 ML)
DICYCLOMINE,INJECTION 10 MG,₹ 3.32(1 ML (Less than 10 ML Pack))
DICYCLOMINE,INJECTION 10 MG,₹ 2.10(1 ML (10 ML & more pack))
DIETHYLCARBAMAZINE,TABLET 50 MG,₹ 0.56(1 Tablet)
DIETHYLCARBAMAZINE,TABLET 100 MG,₹ 1.67(1 Tablet)
DIETHYLCARBAMAZINE,SYRUP 120 MG,₹ 0.48(1 ML)
DIGOXIN,TABLET 0.25 MG,₹ 1.33(1 Tablet)
DIGOXIN,INJECTION 0.25 MG/ML,₹ 3.87(1 ML)
DIGOXIN,ORAL LIQUID 0.05 MG/ML,₹ 1.47(1 ML)
DILTIAZEM,TABLET 30 MG,₹ 2.68(1 Tablet)
DILTIAZEM,INJECTION 5 MG/ML,₹ 3.50(1 ML)
DILTIAZEM,TABLET 60 MG,₹ 5.46(1 Tablet)
DINOPROSTONE,GEL 0.5 MG,₹ 84.72(1 GM)
DOBUTAMINE,INJECTION 50 MG/ML,₹ 9.03(1 ML)
DOCETAXEL,POWDER FOR INJECTION 20 MG,₹ 2868.38(Each Vial)
DOCETAXEL,POWDER FOR INJECTION 80 MG,₹ 10333.68(Each Vial)
DOLUTEGRAVIR,TABLET 50 MG,₹ 112.78(1 Tablet)
DOLUTEGRAVIR + LAMIVUDINE + TENOFOVIR,TABLET 50/300/300 MG,₹ 114.98(1 Tablet)
DOMPERIDONE,TABLET 10 MG,₹ 2.31(1 Tablet)
DOMPERIDONE,ORAL LIQUID 1 MG/ML,₹ 1.24(1 ML)
DONEPEZIL,TABLET 10 MG,₹ 17.46(1 Tablet)
DONEPEZIL,TABLET 5 MG,₹ 12.11(1 Tablet)
DOPAMINE,INJECTION 40 MG/ML,₹ 4.77(1 ML)
DOXORUBICIN,INJECTION 2 MG/ML,₹ 31.75(1 ML)
DOXYCYCLINE,TABLET 100 MG,₹ 1.22(1 Tablet)
DOXYCYCLINE,CAPSULE 100 MG,₹ 3.08(1 Capsule)
DOXYCYCLINE,INJECTION 100 MG,₹ 502.63(Each Vial)
DPT + Hib + Hep B,VACCINE --,₹ 75.65(Per 0.1 ml)
EFAVIRENZ,TABLET 600 MG,₹ 70.59(1 Tablet)
EFAVIRENZ,CAPSULE 200 MG,₹ 21.98(1 Capsule)
EFAVIRENZ,TABLET 200 MG,₹ 22.54(1 Tablet)
ENALAPRIL,TABLET 5 MG,₹ 3.70(1 Tablet)
ENALAPRIL,TABLET 2.5 MG,₹ 2.19(1 Tablet)
ENOXAPARIN,INJECTION 60 MG/ 0.6 ML,₹ 111.98(0.1 ml)
ENOXAPARIN,INJECTION 40 MG/ 0.4 ML,₹ 111.98(0.1 ml)
ENTECAVIR,TABLET 0.5 MG,₹ 84.44(1 Tablet)
ENTECAVIR,TABLET 1 MG,₹ 130.23(1 Tablet)
ERYTHROPOIETIN,INJECTION 2000 IU/ML,₹ 549.58(1 ML)
ERYTHROPOIETIN,INJECTION 10000 IU/ML,₹ 1969.10(1 ML)
ESCITALOPRAM,TABLET 10 MG,₹ 9.00(1 Tablet)
ESCITALOPRAM,TABLET 20 MG,₹ 14.36(1 Tablet)
ESCITALOPRAM,TABLET 5 MG,₹ 5.02(1 Tablet)
ESMOLOL,INJECTION 10 MG/ML,₹ 26.38(1 ML)
ETHAMBUTOL,TABLET 800 MG,₹ 4.96(1 Tablet)
ETHAMBUTOL,TABLET 200 MG,₹ 1.14(1 Tablet)
ETHAMBUTOL,TABLET 400 MG,₹ 2.61(1 Tablet)
ETHAMBUTOL,TABLET 600 MG,₹ 4.08(1 Tablet)
ETHINYLESTRADIOL (A)+LEVONORGESTREL (B),"TABLET 0.03 MG(A) + 0.15
MG(B)",₹ 3.17(1 Tablet)
ETHIONAMIDE,TABLET 250 MG,₹ 14.81(1 Tablet)
ETOPOSIDE,INJECTION 20 MG/ML,₹ 34.51(1 ML)
ETOPOSIDE,CAPSULE 50 MG,₹ 56.63(1 Capsule)
FENTANYL,INJECTION 50 MCG/ML,₹ 20.96(1 ML)
FILGRASTIM,INJECTION 300 MCG,₹ 1159.97(Each Vial)
FLUCONAZOLE,TABLET 150 MG,₹ 12.06(1 Tablet)
FLUCONAZOLE,TABLET 100 MG,₹ 7.62(1 Tablet)
FLUCONAZOLE,TABLET 400 MG,₹ 29.75(1 Tablet)
FLUCONAZOLE,TABLET 200 MG,₹ 17.46(1 Tablet)
FLUCONAZOLE,TABLET 50 MG,₹ 9.68(1 Tablet)
FLUCONAZOLE,INJECTION 200 MG/ 100 ML,₹ 92.32(Each Vial)
FLUCONAZOLE,CAPSULE 200 MG,₹ 40.11(1 Capsule)
FLUCONAZOLE,CAPSULE 150 MG,₹ 19.22(1 Capsule)
FLUCONAZOLE,CAPSULE 100 MG,₹ 21.40(1 Capsule)
FLUDROCORTISONE,TABLET 100 MCG,₹ 13.20(1 Tablet)
FLUNARIZINE,TABLET 5 MG,₹ 2.48(1 Tablet)
FLUNARIZINE,TABLET 10 MG,₹ 4.82(1 Tablet)
FLUOXETINE,TABLET 10 MG,₹ 2.78(1 Tablet)
FLUOXETINE,CAPSULE 10 MG,₹ 3.32(1 Capsule)
FLUOXETINE,TABLET 20 MG,₹ 4.15(1 Tablet)
FLUOXETINE,TABLET 40 MG,₹ 5.56(1 Tablet)
FLUOXETINE,CAPSULE 40 MG,₹ 6.49(1 Capsule)
FLUOXETINE,TABLET 60 MG,₹ 8.25(1 Tablet)
FLUOXETINE,CAPSULE 20 MG,₹ 3.99(1 Capsule)
FLUOXETINE,CAPSULE 60 MG,₹ 11.10(1 Capsule)
FLUPHENAZINE,INJECTION 25 MG,₹ 55.26(1 ML)
FOLIC ACID,CAPSULE 5 MG,₹ 5.04(1 Capsule)
FOLIC ACID,TABLET 5 MG,₹ 1.51(1 Tablet)
FORMOTERAL + BUDESONIDE,INHALER 6/100 MCG,₹ 2.12(Per Metered Dose)
FORMOTERAL + BUDESONIDE,INHALER 6/400 MCG,₹ 6.62(Per Dose)
FORMOTERAL + BUDESONIDE,INHALER 6/200 MCG,₹ 5.72(Per Dose)
FORMOTERAL + BUDESONIDE,CAPSULE 6/100 MCG,₹ 4.32(Per Dose)
FRAMYCETIN,CREAM 1 %,₹ 1.66(1 GM)
FUROSEMIDE,TABLET 40 MG,₹ 0.91(1 Tablet)
FUROSEMIDE,ORAL LIQUID 10 MG/ML,₹ 3.32(1 ML)
FUROSEMIDE,INJECTION 10 MG/ML,₹ 2.99(1 ML)
FUSIDIC ACID,CREAM 2 %,₹ 9.83(1 GM)
GEFITINIB,TABLET 250 MG,₹ 237.14(1 Tablet)
GEMCITABINE,POWDER FOR INJECTION 1000 MG,₹ 5592.54(Each Vial)
GEMCITABINE,POWDER FOR INJECTION 200 MG,₹ 1299.80(Each Vial)
GENTAMICIN,INJECTION 40 MG,₹ 1.55(Each Pack (20 ml))
GENTAMICIN,INJECTION 10 MG,₹ 2.41(1 ML)
GENTAMICIN,INJECTION 40 MG,₹ 2.90(1 ML)
GENTAMICIN,INJECTION 40 MG,₹ 4.85(2 ML Pack)
GENTAMICIN,INJECTION 40 MG,₹ 1.23(Each Pack (30 ml))
GENTAMICIN,INJECTION 40 MG,₹ 1.51(Each Pack (10 ML))
GLARGINE,DISPOSABLE PEN 100 IU,₹ 244.14(1 ML)
GLARGINE,INJECTION 100 IU,₹ 203.46(1 ML)
GLIMEPIRIDE,TABLET 1 MG,₹ 3.70(1 Tablet)
GLIMEPIRIDE,TABLET 2 MG,₹ 5.80(1 Tablet)
GLUCOSE,INFUSION 25 %,₹ 0.20(1 ML)
GLYCEROL,LOTION 15 %,₹ 1.23(1 ML)
GLYCEROL,CREAM 15 %,₹ 2.37(1 GM)
GLYCERYL TRINITRATE,SUBLINGUAL TABLET 0.5 MG,₹ 1.27(1 Tablet)
GLYCERYL TRINITRATE,INJECTION 5 MG/ML,₹ 6.19(1 ML)
GLYCOPYRROLATE,INJECTION 0.2 MG/ML,₹ 14.53(1 ML)
GRISEOFULVIN,TABLET 250 MG,₹ 1.77(1 Tablet)
HALOPERIDOL,INJECTION 5 MG/ML,₹ 6.51(1 ML)
HALOPERIDOL,TABLET 10 MG,₹ 4.78(1 Tablet)
HALOPERIDOL,TABLET 1.5 MG,₹ 1.58(1 Tablet)
HALOPERIDOL,TABLET 20 MG,₹ 5.36(1 Tablet)
HALOPERIDOL,LIQUID 2 MG,₹ 2.24(1 ML)
HALOPERIDOL,TABLET 5 MG,₹ 3.57(1 Tablet)
HALOTHANE,LIQUID 100 %,₹ 6.10(1 ML)
HEPATITIS B,VACCINE --,₹ 78.82(1 ML)
HEPATITIS IMMUNOGLOBULIN,INJECTION --,₹ 5498.70(Each Vial)
HOMATROPINE EYE DROPS / OINTMENT,EYE DROPS 2 %,₹ 6.40(1 ML)
HORMONE RELEASING IUD,"DEVICE CONTAINS 52 MGOF
LEVONORGESTREL",₹ 4103.52(1 IUD)
HUMAN CHORIONIC GONADOTROPIN,INJECTION 10000 IU,₹ 928.30(Each Vial)
HUMAN CHORIONIC GONADOTROPIN,INJECTION 5000 IU/ML,₹ 417.47(Each Vial)
HUMAN CHORIONIC GONADOTROPIN,INJECTION 2000 IU,₹ 343.65(Each Vial)
HUMAN PREMIX INSULIN,INJECTION 40 IU,₹ 16.99(1 ML)
HYDROCHLOROTHIAZIDE,TABLET 25 MG,₹ 1.75(1 Tablet)
HYDROCHLOROTHIAZIDE,TABLET 12.5 MG,₹ 1.04(1 Tablet)
HYDROCORTISONE,TABLET 10 MG,₹ 6.70(1 Tablet)
HYDROCORTISONE,POWDER FOR INJECTION 100 MG,₹ 44.79(Each Vial)
HYDROCORTISONE,INJECTION 200 MG,₹ 65.60(Each Vial)
HYDROCORTISONE,TABLET 20 MG,₹ 14.89(1 Tablet)
HYDROCORTISONE,TABLET 5 MG,₹ 3.12(1 Tablet)
HYDROXYCHLOROQUINE,TABLET 400 MG,₹ 13.80(1 Tablet)
HYDROXYCHLOROQUINE,TABLET 200 MG,₹ 6.36(1 Tablet)
HYDROXY PROPYL METHYL CELLULOSE (2 % W/ V),PREFILLED SYRINGE --,₹ 29.21(1 ML)
HYDROXYUREA,CAPSULE 500 MG,₹ 12.12(1 Capsule)
HYOSCINE,INJECTION 20 MG,₹ 11.24(1 ML)
IBUPROFEN,TABLET 400 MG,₹ 1.20(1 Tablet)
IBUPROFEN,TABLET 200 MG,₹ 0.71(1 Tablet)
IBUPROFEN,ORAL LIQUID 100 MG/ 5 ML,₹ 0.22(1 ML)
IFOSFAMIDE,INJECTION 1000 MG,₹ 318.95(Each Vial)
IFOSFAMIDE,INJECTION 2000 MG,₹ 643.15(Each Vial)
IMATINIB,TABLET 100 MG,₹ 69.75(1 Tablet)
IMATINIB,TABLET 400 MG,₹ 199.62(1 Tablet)
IMATINIB MESYLATE,CAPSULE 100 MG,₹ 73.48(1 Capsule)
INTERMEDIATE-ACTING INSULIN(SOLUBLE),INJECTION 40 IU/ ML,₹ 16.99(1 ML)
INTERMEDIATE-ACTING INSULIN(SOLUBLE),INJECTION 40 IU/ ML,₹ 16.99(1 ML)
IOHEXOL,INFUSION 350 MG,₹ 14.24(1 ML)
IOHEXOL,INJECTION 300 MG,₹ 16.90(1 ML)
IRINOTECAN,INJECTION 40 MG,₹ 964.89(1 ML)
IRON SUCROSE,INJECTION 20 MG/ML,₹ 57.41(1 ML)
ISOFLURANE,LIQUID 100 %,₹ 9.65(1 ML)
ISONIAZID,TABLET 100 MG,₹ 0.65(1 Tablet)
ISONIAZID,TABLET 300 MG,₹ 1.29(1 Tablet)
ISOSORBIDE DINITRATE,TABLET 10 MG,₹ 0.81(1 Tablet)
ISOSORBIDE DINITRATE,TABLET 5 MG,₹ 0.82(1 Tablet)
ISPAGHULA,POWDER --,₹ 0.94(1 GM)
ITRACONAZOLE,ORAL SOLUTION 10 MG,₹ 4.94(1 ML)
ITRACONAZOLE,CAPSULE 200 MG,₹ 22.12(1 Capsule)
ITRACONAZOLE,CAPSULE 100 MG,₹ 16.67(1 Capsule)
IUDS CONTAINING COPPER,DEVICE --,₹ 281.01(1 IUD)
IVERMECTIN,TABLET 6 MG,₹ 21.58(1 Tablet)
IVERMECTIN,TABLET 12 MG,₹ 37.37(1 Tablet)
Japanese Encephalitis,VACCINE Upto 3 MCG,₹ 518.65(Each Vial)
Japanese Encephalitis,VACCINE 4 MCG to 6 MCG,₹ 677.16(Each Vial)
KETAMINE,INJECTION 50 MG,₹ 12.12(1 ML)
LABETALOL,INJECTION 5 MG,₹ 49.98(1 ML)
LABETALOL,TABLET 100 MG,₹ 15.16(1 Tablet)
LACTULOSE,ORAL LIQUID 10 GM/ 15 ML,₹ 1.23(1 ML)
LAMIVUDINE,TABLET 100 MG,₹ 10.40(1 Tablet)
LAMIVUDINE,TABLET 150 MG,₹ 10.86(1 Tablet)
LAMIVUDINE + ZIDOVUDINE,TABLET 150/300 MG,₹ 21.09(1 Tablet)
L-ASPARAGINASE,POWDER FOR INJECTION 10000 KU,₹ 1707.74(Each Vial)
L-ASPARAGINASE,POWDER FOR INJECTION 5000 KU,₹ 1034.87(Each Vial)
LATANOPROST,EAR DROPS 0.005 %,₹ 232.58(1 ML)
LENALIDOMIDE,CAPSULE 25 MG,₹ 292.27(1 Capsule)
LENALIDOMIDE,CAPSULE 5 MG,₹ 67.25(1 Capsule)
LETROZOLE,TABLET 2.50 MG,₹ 29.32(1 Tablet)
LEUPRORELIN,INJECTION 22.5 MG,₹ 17081.50(Each Vial)
LEUPRORELIN,INJECTION 11.25 MG,₹ 9294.48(Each Vial)
LEUPRORELIN,INJECTION 3.75 MG,₹ 3112.67(Each Vial)
LEVETIRACETAM,MODIFIED RELEASE TABLET 750 MG,₹ 18.30(1 Tablet)
LEVETIRACETAM,INJECTION 100 MG/ML,₹ 23.02(1 ML)
LEVETIRACETAM,SYRUP 100 MG,₹ 3.97(1 ML)
LEVETIRACETAM,TABLET 250 MG,₹ 6.30(1 Tablet)
LEVETIRACETAM,TABLET 500 MG,₹ 12.98(1 Tablet)
LEVETIRACETAM,TABLET 750 MG,₹ 19.34(1 Tablet)
LEVODOPA (A)+CARBIDOPA (B),TABLET 100 MG(A) + 25 MG(B),₹ 2.58(1 Tablet)
LEVODOPA (A)+CARBIDOPA (B),TABLET 100 MG(A) + 10 MG(B),₹ 1.76(1 Tablet)
LEVODOPA + CARBIDOPA,MODIFIED RELEASE TABLET 200/50 MG,₹ 4.73(1 Tablet)
LEVODOPA + CARBIDOPA,TABLET 250/25 MG,₹ 4.42(1 Tablet)
LEVODOPA + CARBIDOPA,MODIFIED RELEASE TABLET 100/25 MG,₹ 2.79(1 Tablet)
LEVOFLOXACIN,TABLET 750 MG,₹ 12.45(1 Tablet)
LEVOFLOXACIN,TABLET 500 MG,₹ 8.99(1 Tablet)
LEVOFLOXACIN,TABLET 250 MG,₹ 4.82(1 Tablet)
LEVONORGESTREL,TABLET 1.5 MG,₹ 75.35(1 Tablet)
LEVOTHYROXINE,TABLET 112 MCG,₹ 1.66(1 Tablet)
LEVOTHYROXINE,TABLET 100 MCG,₹ 1.32(1 Tablet)
LEVOTHYROXINE,TABLET 12.5 MCG,₹ 1.48(1 Tablet)
LEVOTHYROXINE,TABLET 125 MCG,₹ 1.69(1 Tablet)
LEVOTHYROXINE,TABLET 150 MCG,₹ 1.70(1 Tablet)
LEVOTHYROXINE,TABLET 25 MCG,₹ 1.45(1 Tablet)
LEVOTHYROXINE,TABLET 50 MCG,₹ 1.03(1 Tablet)
LEVOTHYROXINE,TABLET 62.5 MCG,₹ 1.61(1 Tablet)
LEVOTHYROXINE,TABLET 75 MCG,₹ 1.44(1 Tablet)
LEVOTHYROXINE,TABLET 88 MCG,₹ 1.65(1 Tablet)
LIDOCAINE,INJECTION 5 % with 7.5 %,₹ 3.50(1 ML)
LIDOCAINE,Topical forms 2-5%,₹ 1.13(1 gm or 1 ml)
LIDOCAINE,INJECTION 2 %,₹ 1.04(1 ML)
LIDOCAINE,INJECTION 1 %,₹ 8.87(1 ML)
LIDOCAINE + ADRENALINE,INJECTION 2%/0.005MG,₹ 1.05(1 ML)
LINEZOLID,TABLET 600 MG,₹ 35.67(1 Tablet)
LINEZOLID,TABLET 300 MG,₹ 22.65(1 Tablet)
LITHIUM,TABLET 300 MG,₹ 1.63(1 Tablet)
LOPERAMIDE,TABLET 2 MG,₹ 2.28(1 Tablet)
LOPERAMIDE,CAPSULE 2 MG,₹ 3.79(1 Capsule)
LORAZEPAM,INJECTION 2 MG/ML,₹ 8.10(1 ML)
LORAZEPAM,TABLET 1 MG,₹ 2.31(1 Tablet)
LORAZEPAM,TABLET 2 MG,₹ 2.81(1 Tablet)
MAGNESIUM SULPHATE,INJECTION 500 MG/ML,₹ 4.87(1 ML)
MANNITOL,INFUSION 10 %,₹ 0.19(1 ML)
MANNITOL,INFUSION 20 %,₹ 0.35(1 ML)
MEBENDAZOLE,ORAL LIQUID 100 MG/ 5 ML,₹ 0.84(1 ML)
MEBENDAZOLE,TABLET 100 MG,₹ 2.90(1 Tablet)
MEDROXYPROGESTERONEACETATE,TABLET 10 MG,₹ 6.25(1 Tablet)
MEDROXYPROGESTERONE INJECTABLE,INJECTION 150 MG,₹ 289.76(1 ML)
MEFENAMIC ACID,ORAL LIQUID 100 MG/ 5 ML,₹ 0.56(1 ML)
MEFENAMIC ACID,TABLET 250 MG,₹ 2.11(1 Tablet)
MEFLOQUINE,TABLET 250 MG,₹ 52.16(1 Tablet)
MEGLUMINE DIATRIZOATE,INJECTION 60 %,₹ 9.47(1 ML)
MEGLUMINE DIATRIZOATE,INJECTION 76 %,₹ 10.20(1 ML)
MELPHALAN,TABLET 5 MG,₹ 86.04(1 Tablet)
MELPHALAN,TABLET 2 MG,₹ 91.33(1 Tablet)
MEROPENEM,INJECTION 1000 MG,₹ 952.74(Each Vial)
MEROPENEM,INJECTION 500 MG,₹ 723.01(Each Vial)
MESNA,INJECTION 100 MG,₹ 15.51(1 ML)
METFORMIN,TABLET 1000 MG,₹ 3.49(1 Tablet)
METFORMIN,MODIFIED RELEASE TABLET 1000 MG,₹ 4.05(1 Tablet)
METFORMIN,TABLET 500 MG,₹ 2.02(1 Tablet)
METHOTREXATE,TABLET 10 MG,₹ 13.29(1 Tablet)
METHOTREXATE,TABLET 5 MG,₹ 9.43(1 Tablet)
METHOTREXATE,TABLET 2.5 MG,₹ 5.31(1 Tablet)
METHYLERGOMETRINE,INJECTION 0.2 MG/ML,₹ 14.95(1 ML)
METHYLERGOMETRINE,TABLET 0.125 MG,₹ 8.94(1 Tablet)
METHYLPREDNISOLONE,INJECTION 40 MG/ML,₹ 45.67(1 ML)
METOCLOPRAMIDE,SYRUP 5 MG,₹ 0.50(1 ML)
METOCLOPRAMIDE,INJECTION 5 MG/ML,₹ 2.67(1 ML)
METOCLOPRAMIDE,INJECTION 5 MG/ML,₹ 1.63(1 ML (10 ML & more pack))
METOCLOPRAMIDE,TABLET 10 MG,₹ 1.35(1 Tablet)
METOPROLOL,TABLET 25 MG,₹ 4.20(1 Tablet)
METOPROLOL,TABLET 50 MG,₹ 5.84(1 Tablet)
METOPROLOL,TABLET ER 100 MG,₹ 14.99(1 Tablet)
METOPROLOL,CAPSULE 50 MG,₹ 5.82(1 Capsule)
METOPROLOL,CAPSULE 25 MG,₹ 4.14(1 Capsule)
METOPROLOL,TABLET 100 MG,₹ 11.13(1 Tablet)
METOPROLOL,INJECTION 1 MG,₹ 3.40(1 ML)
METRONIDAZOLE,ORAL LIQUID 200 MG/ 5 ML,₹ 0.52(1 ML)
METRONIDAZOLE,INJECTION 500 MG,₹ 0.21(1 ML)
METRONIDAZOLE,TABLET 200 MG,₹ 0.82(1 Tablet)
METRONIDAZOLE,TABLET 400 MG,₹ 1.52(1 Tablet)
MIDAZOLAM,NASAL SPRAY 1.25 MG,₹ 216.82(1 ML)
MIDAZOLAM,INJECTION 1 MG,₹ 5.92(1 ML)
MIDAZOLAM,INJECTION 5 MG,₹ 10.88(1 ML)
MIDAZOLAM,NASAL SPRAY 0.5 MG,₹ 79.93(1 ML)
MIFEPRISTONE,TABLET 200 MG,₹ 350.91(1 Tablet)
MISOPROSTOL,TABLET 200 MCG,₹ 18.97(1 Tablet)
MISOPROSTOL,TABLET 100 MCG,₹ 9.92(1 Tablet)
MONTELUKAST,TABLET 4 MG,₹ 10.03(1 Tablet)
MONTELUKAST,TABLET 10 MG,₹ 16.44(1 Tablet)
MONTELUKAST,TABLET 5 MG,₹ 12.01(1 Tablet)( Pack)
MORPHINE,INJECTION 15 MG,₹ 14.93(1 ML)
MORPHINE,INJECTION 10 MG,₹ 19.60(1 ML)
MOXIFLOXACIN,TABLET 400 MG,₹ 25.82(1 Tablet)
MUPIROCIN,OINTMENT 2 %,₹ 20.29(1 GM)
MYCOPHENOLATE MOFETIL,TABLET 500 MG,₹ 74.59(1 Tablet)( Pack)
MYCOPHENOLATE MOFETIL,TABLET 250 MG,₹ 49.60(1 Tablet)
NALOXONE,INJECTION 400 MCG,₹ 92.72(1 ML)
NATAMYCIN,EYE DROPS 5 %,₹ 23.38(1 ML)
NEOSTIGMINE,INJECTION 0.5 MG,₹ 5.01(1 ML)
NEOSTIGMINE,TABLET 15 MG,₹ 4.59(1 Tablet)
NEVIRAPINE,TABLET 200 MG,₹ 15.80(1 Tablet)
NICOTINE,LOZENGES 2 MG,₹ 7.92(1 Lozenges)
NICOTINE,PASTILLES 4 MG,₹ 7.83(1 Pastille)
NICOTINE,GUM 4 MG,₹ 10.64(1 Gum)
NICOTINE,LOZENGES 4 MG,₹ 9.75(1 Lozenges)
NICOTINE,PASTILLES 2 MG,₹ 7.12(1 Pastille)
NICOTINE,GUM 2 MG,₹ 8.59(1 Gum)
NIFEDIPINE,TABLET 10 MG,₹ 1.54(1 Tablet)
NIFEDIPINE,CAPSULE 10 MG,₹ 0.95(1 Capsule)
NITROFURANTOIN,ORAL LIQUID 25 MG/5 ML,₹ 0.89(1 ML)
NITROFURANTOIN,TABLET 100 MG,₹ 8.11(1 Tablet)
NITROFURANTOIN,CAPSULE 100 MG,₹ 8.64(1 Capsule)
NITROUS OXIDE,INHALER --,₹ 285.97(Cubic Meter)
NOREPINEPHRINE,INJECTION 2 MG,₹ 20.17(1 ML)
NORETHISTERONE,TABLET 5 MG,₹ 5.39(1 Tablet)
OMEPRAZOLE,POWDER FOR ORAL LIQUID 20 MG,₹ 1.51(1 GM)
OMEPRAZOLE,CAPSULE 20 MG,₹ 2.87(1 Capsule)
OMEPRAZOLE,TABLET 40 MG,₹ 8.45(1 Tablet)
OMEPRAZOLE,TABLET 20 MG,₹ 4.34(1 Tablet)
OMEPRAZOLE,CAPSULE 40 MG,₹ 5.67(1 Capsule)
OMEPRAZOLE,CAPSULE 10 MG,₹ 2.41(1 Capsule)
ONDANSETRON,TABLET 8 MG,₹ 9.06(1 Tablet)
ONDANSETRON,INJECTION 2 MG,₹ 5.96(1 ML)
ONDANSETRON,ORAL SOLUTION 2 MG,₹ 1.26(1 ML)
ONDANSETRON,TABLET 4 MG,₹ 5.14(1 Tablet)
ORMELOXIFENE,TABLET 30 MG,₹ 8.44(1 Tablet)
OTHER HEPARINS,SOLUTION 1000 IU,₹ 21.21(1 ML)
OXALIPLATIN,INJECTION 50 MG,₹ 2233.95(Each Vial)
OXYGEN,LIQUID MEDICAL OXYGEN --,₹ 17.02(Cubic Meter)
OXYGEN,IN CYLINDER --,₹ 28.83(Cubic Meter)
OXYTOCIN,INJECTION 10 IU,₹ 39.87(1 ML)
OXYTOCIN,INJECTION 5 IU,₹ 17.84(1 ML)
PACLITAXEL,INJECTION 30 MG/ 5 ML,₹ 215.44(1 ML)
PACLITAXEL,INJECTION 100 MG/16.7 ML,₹ 215.44(1 ML)
PANTOPRAZOLE,INJECTION 40 MG,₹ 50.45(Each Vial)
PARACETAMOL,TABLET 650 MG,₹ 2.01(1 Tablet)
PARACETAMOL,SUPPOSITORY 170 MG,₹ 7.95(1 Suppository)
PARACETAMOL,INJECTION 150 MG,₹ 1.60(1 ML)
PARACETAMOL,ORAL LIQUID 250 MG/ 5 ML,₹ 0.67(1 ML)
PARACETAMOL,TABLET 500 MG,₹ 0.90(1 Tablet)
PARACETAMOL,INJECTION 150 MG,₹ 3.97(2 ML Pack)
PARACETAMOL,SUPPOSITORY 80 MG,₹ 6.66(1 Suppository)
PARACETAMOL,ORAL LIQUID 125 MG/ 5 ML,₹ 0.37(1 ML)
PARACETAMOL,SUSPENSION 120 MG,₹ 0.61(1 ML)
PENICILLAMINE,CAPSULE 250 MG,₹ 15.65(1 Capsule)
PERMETHRIN,LOTION 1 %,₹ 1.00(1 ML)
PERMETHRIN,LOTION 5 %,₹ 1.00(1 gm or 1 ml)
PERMETHRIN,CREAM 1 %,₹ 1.50(1 GM)
PERMETHRIN,CREAM 5 %,₹ 1.85(1 GM)
PERMETHRIN,GEL 5 %,₹ 1.31(1 GM)
PHENIRAMINE,INJECTION 22.75 MG,₹ 2.76(2 ML Pack)
PHENIRAMINE,INJECTION 22.75 MG,₹ 2.06(Each Pack (10 ML))
PHENOBARBITONE,INJECTION 200 MG,₹ 22.14(1 ML)
PHENOBARBITONE,TABLET 30 MG,₹ 1.31(1 Tablet)
PHENOBARBITONE,TABLET 60 MG,₹ 1.89(1 Tablet)
PHENOBARBITONE,ORAL LIQUID 20 MG/ 5 ML,₹ 0.49(1 ML)
PHENYTOIN,INJECTION 50 MG,₹ 5.95(1 ML)
PHENYTOIN,CAPSULE 300 MG,₹ 4.65(1 Capsule)
PHENYTOIN,TABLET ER 300 MG,₹ 6.57(1 Tablet)
PHENYTOIN,TABLET 300 MG,₹ 5.48(1 Tablet)
PHENYTOIN,CAPSULE 100 MG,₹ 1.83(1 Capsule)
PHENYTOIN,TABLET 100 MG,₹ 1.76(1 Tablet)
PHENYTOIN,ORAL SUSPENSION 125 MG,₹ 1.10(1 ML)
PHENYTOIN,ORAL LIQUID 30 MG/ 5 ML,₹ 0.35(1 ML)
PHENYTOIN,TABLET 50 MG,₹ 0.84(1 Tablet)
PHYTOMENADIONE,INJECTION 10 MG,₹ 53.09(1 ML)
PHYTOMENADIONE (VITAMINK1)10 MG,TABLET 10 MG,₹ 14.54(1 Tablet)
PILOCARPINE,EYE DROPS 2 %,₹ 10.83(1 ML)
PIPERACILLIN + TAZOBACTAM,INJECTION 2000/250 MG,₹ 191.55(Each Vial)
PIPERACILLIN + TAZOBACTAM,INJECTION 4000/500 MG,₹ 399.41(Each Vial)
PIPERACILLIN + TAZOBACTAM,INJECTION 1000/125 MG,₹ 99.65(Each Vial)
POTASSIUM CHLORIDE,ORAL LIQUID 500 MG/ 5 ML,₹ 0.30(1 ML)
POTASSIUM CHLORIDE,INJECTION 150 MG,₹ 2.40(1 ML)
POVIDONE IODINE,LIQUID 5 %,₹ 0.44(1 ML)
POVIDONE IODINE,SOLUTION 4 %,₹ 1.74(1 ML)
POVIDONE IODINE,SOLUTION 10 %,₹ 0.96(1 ML)
POVIDONE IODINE,SOLUTION 7.5 %,₹ 0.82(1 ML)
PRALIDOXIME,INJECTION 25 MG,₹ 4.56(1 ML)
PREDNISOLONE,DROPS 1 %,₹ 5.76(1 ML)
PREDNISOLONE,TABLET 10 MG,₹ 1.20(1 Tablet)
PREDNISOLONE,ORAL LIQUID 15 MG/ 5 ML,₹ 0.86(1 ML)
PREDNISOLONE,TABLET 20 MG,₹ 2.40(1 Tablet)
PREDNISOLONE,SUSPENSION 5 MG,₹ 0.49(1 ML)
PREDNISOLONE,TABLET 5 MG,₹ 0.68(1 Tablet)
PREDNISOLONE,TABLET 40 MG,₹ 3.41(1 Tablet)
PRIMAQUINE,TABLET 7.5 MG,₹ 2.38(1 Tablet)
PRIMAQUINE,TABLET 2.5 MG,₹ 1.75(1 Tablet)
PRIMAQUINE,TABLET 15 MG,₹ 5.14(1 Tablet)
PROPARACAINE,EYE DROPS 0.5 %,₹ 10.25(1 ML)
PROPOFOL,INJECTION 10 MG,₹ 6.50(1 ML)
PROPRANOLOL,TABLET 10 MG,₹ 1.31(1 Tablet)
PROPRANOLOL,CAPSULE 20 MG,₹ 2.35(1 Capsule)
PROPRANOLOL,TABLET 40 MG,₹ 3.22(1 Tablet)
PROPRANOLOL,CAPSULE 40 MG,₹ 4.25(1 Capsule)
PROPRANOLOL,TABLET 20 MG,₹ 3.20(1 Tablet)
PROPRANOLOL,CAPSULE 10 MG,₹ 2.00(1 Capsule)
PROTAMINE,INJECTION 10 MG,₹ 9.78(1 ML)
PYRAZINAMIDE,TABLET 750 MG,₹ 7.21(1 Tablet)
PYRAZINAMIDE,TABLET 1000 MG,₹ 10.53(1 Tablet)
PYRAZINAMIDE,TABLET 500 MG,₹ 4.89(1 Tablet)
PYRAZINAMIDE,TABLET 1500 MG,₹ 11.81(1 Tablet)
PYRIDOXINE,TABLET 10 MG,₹ 0.11(1 Tablet)
PYRIDOXINE,TABLET 100 MG,₹ 5.98(1 Tablet)
QUININE,TABLET 300 MG,₹ 5.65(1 Tablet)
QUININE,INJECTION 300 MG,₹ 9.50(1 ML)
RALTEGRAVIR,TABLET 400 MG,₹ 147.79(1 Tablet)
RAMIPRIL,CAPSULE 5 MG,₹ 7.19(1 Capsule)
RAMIPRIL,TABLET 5 MG,₹ 8.18(1 Tablet)
RAMIPRIL,CAPSULE 2.5 MG,₹ 4.66(1 Capsule)
RAMIPRIL,TABLET 2.5 MG,₹ 5.21(1 Tablet)
RIBAVIRIN,CAPSULE 200 MG,₹ 26.49(1 Capsule)
RIFAMPICIN,CAPSULE 450 MG,₹ 5.67(1 Capsule)
RIFAMPICIN,CAPSULE 300 MG,₹ 4.61(1 Capsule)
RIFAMPICIN,CAPSULE 150 MG,₹ 2.29(1 Capsule)
RIFAMPICIN,ORAL LIQUID 100 MG/ 5 ML,₹ 0.47(1 ML)
RIFAMPICIN,CAPSULE 600 MG,₹ 11.36(1 Capsule)
RISPERIDONE,INJECTION 25 MG,₹ 1930.29(1 ML)
RISPERIDONE,TABLET 4 MG,₹ 7.36(1 Tablet)
RISPERIDONE,INJECTION 37.5 MG,₹ 2649.40(1 ML)
RISPERIDONE,TABLET 2 MG,₹ 4.48(1 Tablet)
RISPERIDONE,ORAL SOLUTION 1 MG,₹ 2.21(1 ML)
RISPERIDONE,TABLET 1 MG,₹ 3.03(1 Tablet)
RITONAVIR,TABLET 100 MG,₹ 29.21(1 Tablet)
RITONAVIR + LOPINAVIR,TABLET 50/200 MG,₹ 47.97(1 Tablet)
RITUXIMAB,INJECTION 10 MG,₹ 761.81(1 ML)
ROTAVIRUS,VACCINE --,₹ 854.57(Each Vial)
SALBUTAMOL,SYRUP 2 MG,₹ 0.18(1 ML)
SALBUTAMOL,TABLET 2 MG,₹ 0.18(1 Tablet)
SALBUTAMOL,TABLET 4 MG,₹ 0.21(1 Tablet)
SALBUTAMOL,SOLUTION 5 MG,₹ 0.68(1 ML)
SALBUTAMOL,INHALER 100 MCG,₹ 0.49(Per Metered Dose)
SALICYLIC ACID,OINTMENT 6 %,₹ 2.02(1 GM)
SALICYLIC ACID,OINTMENT 3 %,₹ 2.06(1 GM)
SEVOFLURANE,INHALER --,₹ 31.17(1 ML)
Snake venom antiserum- Lyophilized polyvalent,INJECTION --,₹ 665.25(Each Vial)
Snake Venom Antiserum-Soluble/ Liquid Polyvalent,INJECTION --,₹ 428.67(Each Vial)
SODIUM BICARBONATE,INJECTION 7.5 %,₹ 1.01(1 ML)
SODIUM BICARBONATE,INJECTION 8.4 %,₹ 1.35(1 ML)
SODIUM VALPROATE,TABLET 500 MG,₹ 8.12(1 Tablet)
SODIUM VALPROATE,ORAL LIQUID 200 MG/ 5 ML,₹ 0.65(1 ML)
SODIUM VALPROATE,TABLET 200 MG,₹ 3.59(1 Tablet)
SODIUM VALPROATE,INJECTION 100 MG,₹ 6.75(1 ML)
SODIUM VALPROATE,MODIFIED RELEASE TABLET 500 MG,₹ 9.28(1 Tablet)
SODIUM VALPROATE,MODIFIED RELEASE TABLET 300 MG,₹ 6.10(1 Tablet)
SODIUM VALPROATE,TABLET 300 MG,₹ 4.46(1 Tablet)
SOFOSBUVIR,TABLET 400 MG,₹ 525.11(1 Tablet)
SOMATOSTATIN,POWDER FOR INJECTION 3 MG,₹ 1359.00(Each Vial)
SPIRONOLACTONE,TABLET 50 MG,₹ 4.37(1 Tablet)
SPIRONOLACTONE,TABLET 25 MG,₹ 2.19(1 Tablet)
STREPTOKINASE,INJECTION 1500000 IU,₹ 1877.33(Each Vial)
STREPTOMYCIN,POWDER FOR INJECTION 750 MG,₹ 10.10(Each Vial)
STREPTOMYCIN,POWDER FOR INJECTION 1000 MG,₹ 10.86(Each Vial)
SUCCINYL CHOLINE,INJECTION 50 MG/ML,₹ 5.21(1 ML)
SULFASALAZINE,TABLET 500 MG,₹ 4.72(1 Tablet)
SUMATRIPTAN,TABLET 25 MG,₹ 32.50(1 Tablet)
SUMATRIPTAN,TABLET 50 MG,₹ 55.68(1 Tablet)
TACROLIMUS,CAPSULE 1 MG,₹ 40.62(1 Capsule)
TACROLIMUS,CAPSULE 2 MG,₹ 84.34(1 Capsule)
TACROLIMUS,CAPSULE 0.5 MG,₹ 20.66(1 Capsule)
TACROLIMUS,TABLET 2 MG,₹ 77.69(1 Tablet)
TACROLIMUS,TABLET 1 MG,₹ 39.98(1 Tablet)
TACROLIMUS,TABLET 0.5 MG,₹ 20.97(1 Tablet)
TAMOXIFEN,TABLET 10 MG,₹ 2.21(1 Tablet)
TAMOXIFEN,TABLET 20 MG,₹ 2.95(1 Tablet)
TELMISARTAN,TABLET 20 MG,₹ 3.88(1 Tablet)
TELMISARTAN,TABLET 80 MG,₹ 10.40(1 Tablet)
TELMISARTAN,TABLET 40 MG,₹ 6.76(1 Tablet)
TEMOZOLOMIDE,CAPSULE 250 MG,₹ 4304.00(1 Capsule)
TEMOZOLOMIDE,CAPSULE 100 MG,₹ 1508.70(1 Capsule)
TEMOZOLOMIDE,TABLET 20 MG,₹ 336.64(1 Tablet)
TEMOZOLOMIDE,CAPSULE 20 MG,₹ 441.33(1 Capsule)
TEMOZOLOMIDE,TABLET 250 MG,₹ 3758.14(1 Tablet)
TENECTEPLASE,INJECTION 30 MG,₹ 36910.02(Each Vial)
TENECTEPLASE,INJECTION 40 MG,₹ 50389.68(Each Vial)
TENELIGLIPTIN,TABLET 20 MG,₹ 11.09(1 Tablet)
TENOFOVIR,TABLET 300 MG,₹ 45.84(1 Tablet)
TENOFOVIR ALAFENAMIDE,TABLET 25 MG,₹ 48.87(1 Tablet)
TENOFOVIR (A)+LAMIVUDINE (B),"TABLET 300 MG(A) + 300
MG(B)",₹ 45.58(1 Tablet)
"TENOFOVIR (A)+LAMIVUDINE (B) +
EFAVIRENZ (C)","TABLET 300 MG(A) + 300
MG(B) + 600 MG�",₹ 102.84(1 Tablet)
TERBINAFINE,CREAM 1 %,₹ 5.26(1 GM)
TETANUS,INJECTION 0.5 ML,₹ 12.47(Each Vial)
TETANUS,INJECTION 0.5 ML,₹ 25.53(Each Pack (5 ml))
THALIDOMIDE,CAPSULE 50 MG,₹ 31.16(1 Capsule)
THALIDOMIDE,CAPSULE 100 MG,₹ 62.01(1 Capsule)
THIAMINE,TABLET 100 MG,₹ 4.46(1 Tablet)
THIOPENTAL SODIUM,INJECTION 1000 MG,₹ 55.32(Each Vial)
THIOPENTAL SODIUM,INJECTION 500 MG,₹ 45.69(Each Vial)
TIMOLOL,DROPS 0.5 %,₹ 13.40(1 ML)
TIOTROPIUM,INHALER 18 MCG,₹ 10.71(Per Dose)
TIOTROPIUM,INHALER 9 MCG,₹ 2.78(Per Metered Dose)
TRAMADOL,INJECTION 50 MG,₹ 11.78(1 ML)
TRAMADOL,CAPSULE 100 MG,₹ 9.04(1 Capsule)
TRAMADOL,TABLET 50 MG,₹ 9.70(1 Tablet)
TRAMADOL,TABLET 100 MG,₹ 24.48(1 Tablet)
TRAMADOL,CAPSULE 50 MG,₹ 4.82(1 Capsule)
TRANEXAMIC ACID,INJECTION 100 MG/ML,₹ 13.71(1 ML)
TRANEXAMIC ACID,TABLET 500 MG,₹ 18.54(1 Tablet)
TRASTUZUMAB,INJECTION 440 MG/ 50 ML,₹ 54725.20(Each Vial)
TRIHEXYPHENIDYL,TABLET 2 MG,₹ 1.37(1 Tablet)
TRIMETHOPRIM + SULPHAMETHOXAZOLE,SUSPENSION 200/40 MG,₹ 0.35(1 ML)
TROPICAMIDE EYE DROPS / OINTMENT,DROPS 1 %,₹ 9.43(1 ML)
UNFRACTIONATED HEPARINS - SYSTEMIC,INJECTION 5000 IU,₹ 59.96(1 ML)
VALGANCICLOVIR,TABLET 450 MG,₹ 400.73(1 Tablet)
VANCOMYCIN,INJECTION 500 MG,₹ 317.63(Each Vial)
VANCOMYCIN,CAPSULE 250 MG,₹ 152.38(1 Capsule)
VANCOMYCIN,INJECTION 1000 MG,₹ 470.26(Each Vial)
VANCOMYCIN,INJECTION 250 MG,₹ 251.25(Each Vial)
VECURONIUM,POWDER FOR INJECTION 4 MG,₹ 74.40(Each Vial)
VECURONIUM,POWDER FOR INJECTION 10 MG,₹ 117.36(Each Vial)
VERAPAMIL,TABLET 80 MG,₹ 1.59(1 Tablet)
VERAPAMIL,TABLET 40 MG,₹ 0.86(1 Tablet)
VINCRISTINE,INJECTION 1 MG,₹ 57.52(1 ML)
VITAMIN A,INJECTION 50000 IU,₹ 2.26(1 ML)
VITAMIN A,TABLET 50000 IU,₹ 0.73(1 Tablet)
VITAMIN B1 PLAIN (WITH ADDITIVES),INJECTION 100 MG,₹ 22.59(1 ML)
VITAMIN D3 (CHOLECALCIFEROL),TABLET 1000 IU,₹ 4.31(1 Tablet)
VITAMIN D3 (CHOLECALCIFEROL),GRANULES 1000 IU,₹ 23.14(1 GM)
VITAMIN D3 (CHOLECALCIFEROL),SYRUP 400 IU,₹ 2.61(1 ML)
VITAMIN D3 (CHOLECALCIFEROL),TABLET 60000 IU,₹ 22.50(1 Tablet)
VITAMIN D3 (CHOLECALCIFEROL),CAPSULE 60000 IU,₹ 30.78(1 Capsule)
VITAMIN D3 (CHOLECALCIFEROL),GRANULES 60000 IU,₹ 33.98(1 GM)
VITAMIN D3 (CHOLECALCIFEROL),CAPSULE 1000 IU,₹ 4.89(1 Capsule)
WARFARIN,TABLET 1 MG,₹ 2.46(1 Tablet)
WARFARIN,TABLET 5 MG,₹ 2.40(1 Tablet)
WARFARIN,TABLET 3 MG,₹ 3.18(1 Tablet)
WARFARIN,TABLET 2 MG,₹ 2.72(1 Tablet)
XYLOMETAZOLINE,NASAL DROPS 0.05 %,₹ 4.19(1 ML)
XYLOMETAZOLINE,NASAL DROPS 0.1 %,₹ 5.12(1 ML)
ZIDOVUDINE,TABLET 300 MG,₹ 13.59(1 Tablet)
"ZIDOVUDINE (A) + LAMIVUDINE (B) +
NEVIRAPINE (C)",TABLET 300 MG(A) + 150 MG(B) + 200 MG(C),₹ 21.13(1 Tablet)
ZINC SULPHATE,DISPERSIBLE TABLET 20 MG,₹ 3.41(1 Tablet)
ZOLEDRONIC ACID,POWDER FOR INJECTION 4 MG,₹ 2392.05(Each Vial)
ZOLPIDEM,TABLET 10 MG,₹ 8.51(1 Tablet)
ZOLPIDEM,TABLET 5 MG,₹ 6.21(1 Tablet)
