Title,URL,Timestamp
ED nurses are crazy,https://www.reddit.com/r/pharmacy/comments/1ilsdrc/ed_nurses_are_crazy/,1739143588.0
Did dissecting cadavers during your training make you a better doctor later in your career?,https://www.reddit.com/r/medicine/comments/1ilnl94/did_dissecting_cadavers_during_your_training_make/,1739131079.0
Future of medical education in the US,https://www.reddit.com/r/medicine/comments/1iln54g/future_of_medical_education_in_the_us/,1739129950.0
Fear of matching with patients on dating apps,https://www.reddit.com/r/medicine/comments/1ilpksw/fear_of_matching_with_patients_on_dating_apps/,1739136090.0
Apology,https://i.redd.it/bvd8zwb8q6ie1.jpeg,1739138022.0
Coping,https://www.reddit.com/r/medicine/comments/1iliyw3/coping/,1739119592.0
Hospitalist feelings/practices about rounding with primary RNs,https://www.reddit.com/r/medicine/comments/1ilpqg2/hospitalist_feelingspractices_about_rounding_with/,1739136504.0
How do you clean after hospital work?,https://www.reddit.com/r/medicine/comments/1ilz13z/how_do_you_clean_after_hospital_work/,1739165887.0
Azithromycin Dosing,https://www.reddit.com/r/pharmacy/comments/1ilmaoi/azithromycin_dosing/,1739127851.0
Brushing up on the four humors?,https://www.reddit.com/r/medicine/comments/1ikzb1z/brushing_up_on_the_four_humors/,1739053122.0
Welch Allyn Professional Stethoscope- anyone used?,https://www.reddit.com/r/medicine/comments/1ilwp7e/welch_allyn_professional_stethoscope_anyone_used/,1739157839.0
Dysfunctional for no Reason,https://www.reddit.com/r/pharmacy/comments/1ilt5r7/dysfunctional_for_no_reason/,1739145974.0
Dumb question,https://www.reddit.com/r/medicine/comments/1il8hd5/dumb_question/,1739082109.0
lukewarm take - pour spouts for liquid meds?,https://www.reddit.com/r/pharmacy/comments/1ilzefs/lukewarm_take_pour_spouts_for_liquid_meds/,1739167275.0
What is the easiest board certification (BPS) to go for?,https://www.reddit.com/r/pharmacy/comments/1ilxo23/what_is_the_easiest_board_certification_bps_to_go/,1739161066.0
TAU makes breakthrough in drug delivery to treat inflammatory bowel disease,https://www.jpost.com/health-and-wellness/article-841333,1739144262.0
Wtf?,https://i.redd.it/u0xoqd6es0ie1.jpeg,1739066106.0
What would you do in this situation,https://www.reddit.com/r/pharmacy/comments/1ilibtm/what_would_you_do_in_this_situation/,1739117970.0
"Even if outpatient doctors in America COMPLETELY worked for free, USA healthcare spending would be highest in OECD",https://www.reddit.com/r/medicine/comments/1iky1kk/even_if_outpatient_doctors_in_america_completely/,1739049756.0
Health Cares Direction,https://www.reddit.com/r/pharmacy/comments/1ilwgtc/health_cares_direction/,1739157070.0
Why do pharmacists not want to be SP's?,https://www.reddit.com/r/pharmacy/comments/1ilytmh/why_do_pharmacists_not_want_to_be_sps/,1739165098.0
Meanwhile in Texas ....,https://www.reddit.com/r/medicine/comments/1ikqysh/meanwhile_in_texas/,1739031723.0
Retail to Residency,https://www.reddit.com/r/pharmacy/comments/1ilifwl/retail_to_residency/,1739118256.0
"Amid all the anti science and anti vaccine rhetoric, I wanted to recommend a good book and vaccine history.",https://www.reddit.com/r/medicine/comments/1ikrwml/amid_all_the_anti_science_and_anti_vaccine/,1739034125.0
I’m so tired.,https://www.reddit.com/r/pharmacy/comments/1il1pcu/im_so_tired/,1739059750.0
What did you learn last week?,https://www.reddit.com/r/pharmacy/comments/1ile762/what_did_you_learn_last_week/,1739106040.0
More heirloom pharmaceuticals,https://www.reddit.com/gallery/1ikr59f,1739032199.0
"NIH plans to slash support for indirect research costs, sending shockwaves through science",https://www.reddit.com/r/medicine/comments/1ikc0x0/nih_plans_to_slash_support_for_indirect_research/,1738979550.0
"C.D.C. Posts, Then Deletes, Data on Possible Bird Flu Spread Between Cats and People
The data, which appeared fleetingly online on Wednesday, confirmed transmission in two households.",https://www.reddit.com/r/medicine/comments/1ik77v5/cdc_posts_then_deletes_data_on_possible_bird_flu/,1738966199.0
NIH to cut indirect funding to bioscience at Universities and research facilities to 15%,https://www.reddit.com/r/medicine/comments/1ikc5wj/nih_to_cut_indirect_funding_to_bioscience_at/,1738979969.0
I hate my job,https://www.reddit.com/r/pharmacy/comments/1ikou45/i_hate_my_job/,1739026083.0
Vanc dosing - adjusting SCr in elderly patients. What do you do?,https://www.reddit.com/r/pharmacy/comments/1il8c4w/vanc_dosing_adjusting_scr_in_elderly_patients/,1739081543.0
Occasional Overnights,https://www.reddit.com/r/pharmacy/comments/1il6s5o/occasional_overnights/,1739075812.0
Considering a hospital retail pharmacy: is the paycut worth it?,https://www.reddit.com/r/pharmacy/comments/1iks6z0/considering_a_hospital_retail_pharmacy_is_the/,1739034842.0
Type of spinal needle,https://www.reddit.com/r/medicine/comments/1iklfwf/type_of_spinal_needle/,1739014702.0
Dilemma,https://www.reddit.com/r/pharmacy/comments/1ikw9xm/dilemma/,1739045130.0
Pharmacy assistant role in sydney,https://www.reddit.com/r/pharmacy/comments/1il62vq/pharmacy_assistant_role_in_sydney/,1739073412.0
Alberta auditor general investigating AHS contracts following firing of CEO,https://www.reddit.com/r/medicine/comments/1ikdlee/alberta_auditor_general_investigating_ahs/,1738984349.0
Post-grad salary,https://www.reddit.com/r/pharmacy/comments/1iktmkw/postgrad_salary/,1739038429.0
VA fork in the road email,https://www.reddit.com/r/medicine/comments/1ijzksg/va_fork_in_the_road_email/,1738947139.0
NAPLEX pass rates over the last 10 years,https://www.reddit.com/gallery/1ijzpme,1738947480.0
"""Golden"" Age of Insurance",https://www.reddit.com/r/medicine/comments/1ikby44/golden_age_of_insurance/,1738979310.0
Kaiser Oncology,https://www.reddit.com/r/pharmacy/comments/1iku2sb/kaiser_oncology/,1739039560.0
Pharmacy school vs practice,https://www.reddit.com/r/pharmacy/comments/1ikz6st/pharmacy_school_vs_practice/,1739052812.0
Glitch in WA PMP for GAC patients,https://www.reddit.com/r/pharmacy/comments/1ikg6h6/glitch_in_wa_pmp_for_gac_patients/,1738993032.0
How can I improve my hand skills?,https://www.reddit.com/r/medicine/comments/1ik5vd3/how_can_i_improve_my_hand_skills/,1738962778.0
My Proposal for Universal Healthcare in the U.S—The U.S. Health Reserve,https://www.reddit.com/r/pharmacy/comments/1il6xo1/my_proposal_for_universal_healthcare_in_the_usthe/,1739076353.0
Thoughts on X Boson?,https://www.reddit.com/gallery/1ik2iyp,1738954341.0
Febrile neutropenia question?,https://www.reddit.com/r/pharmacy/comments/1ikdbzi/febrile_neutropenia_question/,1738983533.0
"What are emergency/go to meds you always bring when you travel, especially abroad?",https://www.reddit.com/r/pharmacy/comments/1ikb2lp/what_are_emergencygo_to_meds_you_always_bring/,1738976714.0
"""Donald Trump seeks to close tax loophole enjoyed by private equity groups"" - Private equity groups in medicine at financial risk with bipartisan proposal",https://www.reddit.com/r/medicine/comments/1ijhw0k/donald_trump_seeks_to_close_tax_loophole_enjoyed/,1738887508.0
Write your reps about PSLF and Hospitals staying as Non Profits!!!,https://www.reddit.com/r/pharmacy/comments/1ik01yf/write_your_reps_about_pslf_and_hospitals_staying/,1738948280.0
AUS pharms: where is PPA (our ?union) in all this ??,https://www.reddit.com/r/pharmacy/comments/1ikbn9g/aus_pharms_where_is_ppa_our_union_in_all_this/,1738978385.0
Walmart central fill,https://www.reddit.com/r/pharmacy/comments/1ike95o/walmart_central_fill/,1738986452.0
"""Trump taps Gerald Parker to be new head of pandemic office as bird flu threat grows""",https://www.reddit.com/r/medicine/comments/1ijf8n5/trump_taps_gerald_parker_to_be_new_head_of/,1738880401.0
(Help needed) Creating a sheet with tips and tricks to get the best price on medicine,https://www.reddit.com/r/medicine/comments/1ijsuxn/help_needed_creating_a_sheet_with_tips_and_tricks/,1738927549.0
Any pharmacist made a move to becoming CAA?,https://www.reddit.com/r/pharmacy/comments/1ik23lz/any_pharmacist_made_a_move_to_becoming_caa/,1738953268.0
"House Passes H.A.L.T Fentanyl Act, Placing certain Fent-analogues as Schedule 1",https://www.reddit.com/r/medicine/comments/1ijmwzg/house_passes_halt_fentanyl_act_placing_certain/,1738903072.0
Florida Counties Removing Fluoride From Drinking Water After Surgeon General Recommendation,https://www.reddit.com/r/medicine/comments/1ij8wuo/florida_counties_removing_fluoride_from_drinking/,1738864961.0
"Clin specs, do you work weekends?",https://www.reddit.com/r/pharmacy/comments/1ik0x62/clin_specs_do_you_work_weekends/,1738950421.0
Pioneer Rx,https://www.reddit.com/r/pharmacy/comments/1ikb6nj/pioneer_rx/,1738977036.0
Walmart Specialty Pharmacy interview help,https://www.reddit.com/r/pharmacy/comments/1ikb6et/walmart_specialty_pharmacy_interview_help/,1738977017.0
EBOLA CDC ALERT,https://www.reddit.com/r/medicine/comments/1ijca15/ebola_cdc_alert/,1738873137.0
"Wisconsin couple sues Walgreens and Optum Rx, saying son died after $500 price rise for asthma meds",https://apnews.com/article/wisconsin-asthma-medicine-lawsuit-walgreens-optum-8b4130ab404e513fbd68c9e02b51976b,1738868321.0
"House passes bill elevating fentanyl to Schedule I drug — joining heroin, LSD and marijuana",https://nypost.com/2025/02/06/us-news/house-passes-bill-elevating-fentanyl-to-schedule-i-drug-joining-heroin-lsd-and-marijuana/,1738900498.0
Clonazepam drug profile I worked on (pharm student). Thought yall might enjoy it.(feedback welcome ofc),https://www.reddit.com/gallery/1ij8w0o,1738864911.0
Tailored vs competitors?,https://www.reddit.com/r/pharmacy/comments/1ik8r73/tailored_vs_competitors/,1738970247.0
How to tease a pharmacist?,https://www.reddit.com/r/pharmacy/comments/1ijpu4q/how_to_tease_a_pharmacist/,1738914517.0
Brain Death and the Representation of Diagnostic Protocol in Film and Television,https://www.reddit.com/r/medicine/comments/1ijj6sp/brain_death_and_the_representation_of_diagnostic/,1738891313.0
HHS Investigating Four Medical Schools Over Reports Of Antisemitism,https://www.reddit.com/r/medicine/comments/1ij336c/hhs_investigating_four_medical_schools_over/,1738850155.0
MedImpact position,https://www.reddit.com/r/pharmacy/comments/1ijxmrl/medimpact_position/,1738942285.0
Possible HHS cuts/firing on the way,https://www.reddit.com/r/medicine/comments/1ijbzbo/possible_hhs_cutsfiring_on_the_way/,1738872421.0
I know you’re all exhausted - so am I,https://www.reddit.com/r/medicine/comments/1iiw1s0/i_know_youre_all_exhausted_so_am_i/,1738822502.0
Dizzy at the curling rink. I interview a colleague who develops acute vestibular syndrome when he was about to curl.,https://www.reddit.com/r/medicine/comments/1ijcvzb/dizzy_at_the_curling_rink_i_interview_a_colleague/,1738874644.0
Legal Question,https://www.reddit.com/r/medicine/comments/1ij9n04/legal_question/,1738866720.0
How to learn micromerchant/primerx,https://www.reddit.com/r/pharmacy/comments/1ijwone/how_to_learn_micromerchantprimerx/,1738939809.0
New “resources” to “transition to acute care practice”,https://www.reddit.com/r/pharmacy/comments/1ijzaff/new_resources_to_transition_to_acute_care_practice/,1738946423.0
Are Jobs Requiring BCACP Without Financial Incentives Becoming the Norm?,https://www.reddit.com/r/pharmacy/comments/1ijgxd2/are_jobs_requiring_bcacp_without_financial/,1738884805.0
Prior Auth pharmacist interview,https://www.reddit.com/r/pharmacy/comments/1ijio3i/prior_auth_pharmacist_interview/,1738889791.0
Elon Has The CMS Payment System,https://www.reddit.com/r/medicine/comments/1iimlni/elon_has_the_cms_payment_system/,1738793876.0
Free Talk Friday - Anything Goes!,https://www.reddit.com/r/pharmacy/comments/1ijufmf/free_talk_friday_anything_goes/,1738933243.0
Best way to handle OTC recommendations?,https://www.reddit.com/r/pharmacy/comments/1iju80z/best_way_to_handle_otc_recommendations/,1738932541.0
Big Pharma Is Holding New Medications Hostage (With the Government’s Help),https://www.reddit.com/r/pharmacy/comments/1ik66lw/big_pharma_is_holding_new_medications_hostage/,1738963573.0
Post residency- BCPS or BCACP?,https://www.reddit.com/r/pharmacy/comments/1ijihcd/post_residency_bcps_or_bcacp/,1738889227.0
My team is becoming more and more helpless,https://www.reddit.com/r/pharmacy/comments/1ij1sgu/my_team_is_becoming_more_and_more_helpless/,1738846274.0
Advice for a retail pharmacy tech interviewing for an inpatient hospital position?,https://www.reddit.com/r/pharmacy/comments/1ijoyll/advice_for_a_retail_pharmacy_tech_interviewing/,1738910656.0
Strategies to maximize income in Canada,https://www.reddit.com/r/pharmacy/comments/1ijmary/strategies_to_maximize_income_in_canada/,1738900983.0
"""No High Grade Stenosis"" on MRI report",https://www.reddit.com/r/medicine/comments/1iiqaek/no_high_grade_stenosis_on_mri_report/,1738803836.0
**Pharmacy Horror Stories: The Breo Incident**,https://www.reddit.com/r/pharmacy/comments/1iiq8bc/pharmacy_horror_stories_the_breo_incident/,1738803667.0
Attn Pharmacists of Australia!,https://www.reddit.com/r/pharmacy/comments/1ijr5sn/attn_pharmacists_of_australia/,1738920433.0
"Australian Pharmacists, how much do you have to pay to meet CPD requirements per year?",https://www.reddit.com/r/pharmacy/comments/1ijnjt9/australian_pharmacists_how_much_do_you_have_to/,1738905267.0
Created a fun little puzzle for pharmacy people lol.,https://www.reddit.com/r/pharmacy/comments/1ijpht1/created_a_fun_little_puzzle_for_pharmacy_people/,1738912941.0
We cooked?,https://www.rawstory.com/elon-musk-medicare/,1738815827.0
CareTend- Wellsky,https://www.reddit.com/r/pharmacy/comments/1ije04b/caretend_wellsky/,1738877321.0
New pharmacist on codes,https://www.reddit.com/r/pharmacy/comments/1ijkxfb/new_pharmacist_on_codes/,1738896632.0
NZ Pharmacists - how is it there?,https://www.reddit.com/r/pharmacy/comments/1ij44zg/nz_pharmacists_how_is_it_there/,1738853106.0
A master degree that helps to break into the industry,https://www.reddit.com/r/pharmacy/comments/1ijnvuk/a_master_degree_that_helps_to_break_into_the/,1738906482.0
"Biweekly Careers Thread: February 06, 2025",https://www.reddit.com/r/medicine/comments/1iizzl4/biweekly_careers_thread_february_06_2025/,1738839625.0
FDA Approves Pig Kidney Trial,https://www.reddit.com/r/medicine/comments/1iihv65/fda_approves_pig_kidney_trial/,1738782268.0
One liners to push back at a customer?,https://www.reddit.com/r/pharmacy/comments/1iipsn2/one_liners_to_push_back_at_a_customer/,1738802433.0
